RespondentID,How often do you travel by plane?,Do you ever recline your seat when you fly?,How tall are you?,Do you have any children under 18?,"In a row of three seats, who should get to use the two arm rests?","In a row of two seats, who should get to use the middle arm rest?",Who should have control over the window shade?,Is itrude to move to an unsold seat on a plane?,"Generally speaking, is it rude to say more than a few words tothe stranger sitting next to you on a plane?","On a 6 hour flight from NYC to LA, how many times is it acceptable to get up if you're not in an aisle seat?","Under normal circumstances, does a person who reclines their seat during a flight have any obligation to the person sitting behind them?",Is itrude to recline your seat on a plane?,"Given the opportunity, would you eliminate the possibility of reclining seats on planes entirely?",Is it rude to ask someone to switch seats with you in order to be closer to friends?,Is itrude to ask someone to switch seats with you in order to be closer to family?,Is it rude to wake a passenger up if you are trying to go to the bathroom?,Is itrude to wake a passenger up if you are trying to walk around?,"In general, is itrude to bring a baby on a plane?","In general, is it rude to knowingly bring unruly children on a plane?",Have you ever used personal electronics during take off or landing in violation of a flight attendant's direction?,Have you ever smoked a cigarette in an airplane bathroom when it was against the rules?,Gender,Age,Household Income,Education,Location (Census Region)
3436139758.0,,,,,,,,,,,,,,,,,,,,,,,,,,
3434278696.0,,,190.5,1.0,,,,,,,,,0.0,,,,,,,0.0,0.0,0.0,1.0,,4.0,0.0
3434275578.0,,,172.7,0.0,,,,,,,,,0.0,,,,,,,0.0,0.0,0.0,1.0,3.0,3.0,0.0
3434268208.0,,,180.3,0.0,,,,,,,,,0.0,,,,,,,0.0,0.0,0.0,1.0,0.0,3.0,0.0
3434250245.0,,,170.2,0.0,,,,,,,,,0.0,,,,,,,1.0,0.0,0.0,1.0,2.0,3.0,0.0
3434245875.0,,,175.3,1.0,,,,,,,,,0.0,,,,,,,0.0,0.0,0.0,1.0,1.0,4.0,1.0
3434235351.0,,,188.0,1.0,,,,,,,,,1.0,,,,,,,0.0,0.0,0.0,1.0,4.0,2.0,0.0
3434218031.0,,,182.9,1.0,,,,,,,,,1.0,,,,,,,0.0,0.0,0.0,1.0,0.0,3.0,2.0
3434213681.0,,,182.9,1.0,,,,,,,,,1.0,,,,,,,,,,,,,
3434172894.0,,,167.6,0.0,,,,,,,,,1.0,,,,,,,0.0,0.0,0.0,1.0,0.0,3.0,0.0
3434165659.0,,,182.9,0.0,,,,,,,,,0.0,,,,,,,0.0,0.0,0.0,1.0,2.0,1.0,3.0
3434164339.0,,,,,,,,,,,,,,,,,,,,,,,,,,
3434161941.0,,,170.2,,,,,,,,,,0.0,,,,,,,,,,,,,
3434155493.0,,,,,,,,,,,,,,,,,,,,,,0.0,1.0,3.0,2.0,0.0
3434132453.0,,,,,,,,,,,,,,,,,,,,,,0.0,0.0,,1.0,4.0
3434131535.0,,,182.9,0.0,,,,,,,,,0.0,,,,,,,0.0,0.0,0.0,0.0,4.0,2.0,5.0
3434125180.0,,,,,,,,,,,,,,,,,,,,,,,,,,
3434122066.0,,,172.7,1.0,,,,,,,,,0.0,,,,,,,0.0,0.0,0.0,1.0,3.0,2.0,6.0
3434114105.0,,,185.4,0.0,,,,,,,,,1.0,,,,,,,1.0,0.0,0.0,1.0,4.0,3.0,7.0
3434109246.0,,,,,,,,,,,,,,,,,,,,,,,,,,
3434107997.0,,,177.8,0.0,,,,,,,,,1.0,,,,,,,0.0,0.0,0.0,0.0,1.0,3.0,4.0
3434100967.0,,,170.2,0.0,,,,,,,,,0.0,,,,,,,0.0,0.0,0.0,1.0,0.0,3.0,1.0
3434087928.0,,,,,,,,,,,,,,,,,,,,,,0.0,0.0,2.0,3.0,1.0
3434084098.0,,,,,,,,,,,,,,,,,,,,,,0.0,0.0,0.0,2.0,1.0
3434071488.0,,,,,,,,,,,,,,,,,,,,,,0.0,0.0,2.0,3.0,0.0
3434061256.0,,,,,,,,,,,,,,,,,,,,,,0.0,1.0,,1.0,6.0
3434059758.0,,,,,,,,,,,,,,,,,,,,,,0.0,0.0,2.0,3.0,0.0
3434052290.0,,,182.9,0.0,,,,,,,,,0.0,,,,,,,0.0,0.0,0.0,1.0,1.0,3.0,1.0
3434049700.0,,,188.0,0.0,,,,,,,,,0.0,,,,,,,1.0,0.0,0.0,0.0,2.0,2.0,8.0
3434041278.0,,,167.6,0.0,,,,,,,,,0.0,,,,,,,0.0,0.0,0.0,1.0,4.0,2.0,0.0
3434033301.0,,,180.3,0.0,,,,,,,,,0.0,,,,,,,0.0,0.0,0.0,0.0,,3.0,6.0
3434024435.0,,,177.8,0.0,,,,,,,,,1.0,,,,,,,0.0,0.0,0.0,1.0,2.0,2.0,4.0
3434018106.0,,,,,,,,,,,,,,,,,,,,,,,,,,
3434016416.0,,,188.0,1.0,,,,,,,,,0.0,,,,,,,0.0,0.0,0.0,1.0,2.0,3.0,8.0
3434013636.0,,,170.2,1.0,,,,,,,,,1.0,,,,,,,1.0,0.0,0.0,0.0,0.0,2.0,0.0
3434009177.0,,,177.8,1.0,,,,,,,,,0.0,,,,,,,0.0,0.0,0.0,0.0,2.0,2.0,0.0
3434003204.0,,,182.9,0.0,,,,,,,,,0.0,,,,,,,0.0,0.0,0.0,0.0,0.0,3.0,0.0
3434003093.0,,,180.3,0.0,,,,,,,,,0.0,,,,,,,0.0,0.0,0.0,0.0,1.0,2.0,0.0
3433976285.0,,,,,,,,,,,,,,,,,,,,,,0.0,0.0,,1.0,4.0
3433973110.0,,,,,,,,,,,,,,,,,,,,,,0.0,1.0,1.0,2.0,8.0
3433964953.0,,,165.1,0.0,,,,,,,,,0.0,,,,,,,0.0,0.0,0.0,0.0,0.0,1.0,0.0
3433964124.0,,,182.9,1.0,,,,,,,,,1.0,,,,,,,0.0,0.0,0.0,1.0,,3.0,2.0
3433957540.0,,,170.2,0.0,,,,,,,,,1.0,,,,,,,1.0,0.0,0.0,0.0,1.0,3.0,0.0
3433954490.0,,,,,,,,,,,,,,,,,,,,,,0.0,0.0,1.0,2.0,5.0
3433928804.0,,,170.2,1.0,,,,,,,,,0.0,,,,,,,0.0,0.0,0.0,0.0,4.0,3.0,4.0
3433926438.0,,,188.0,0.0,,,,,,,,,1.0,,,,,,,0.0,0.0,0.0,0.0,,4.0,4.0
3433914630.0,,,193.0,0.0,,,,,,,,,0.0,,,,,,,0.0,0.0,0.0,1.0,0.0,3.0,3.0
3433912503.0,,,182.9,0.0,,,,,,,,,0.0,,,,,,,0.0,0.0,0.0,0.0,0.0,2.0,1.0
3433895905.0,,,177.8,1.0,,,,,,,,,0.0,,,,,,,0.0,0.0,0.0,1.0,2.0,2.0,4.0
3433890093.0,,,182.9,0.0,,,,,,,,,0.0,,,,,,,1.0,0.0,0.0,0.0,0.0,3.0,0.0
3433882884.0,,,,,,,,,,,,,,,,,,,,,,0.0,1.0,0.0,2.0,1.0
3433881615.0,,,170.2,0.0,,,,,,,,,0.0,,,,,,,0.0,0.0,0.0,0.0,0.0,2.0,7.0
3433880747.0,,,175.3,0.0,,,,,,,,,0.0,,,,,,,0.0,0.0,0.0,0.0,0.0,2.0,3.0
3433877510.0,,,185.4,0.0,,,,,,,,,1.0,,,,,,,1.0,0.0,0.0,1.0,,4.0,1.0
3433877337.0,,,188.0,0.0,,,,,,,,,1.0,,,,,,,0.0,0.0,0.0,1.0,2.0,3.0,1.0
3433873724.0,,,180.3,0.0,,,,,,,,,0.0,,,,,,,0.0,0.0,0.0,0.0,1.0,3.0,0.0
3433863512.0,,,198.1,0.0,,,,,,,,,0.0,,,,,,,1.0,0.0,0.0,1.0,,4.0,0.0
3433853098.0,,,177.8,0.0,,,,,,,,,1.0,,,,,,,0.0,0.0,0.0,1.0,2.0,4.0,8.0
3433847365.0,,,185.4,1.0,,,,,,,,,0.0,,,,,,,0.0,0.0,0.0,1.0,2.0,3.0,2.0
3433842253.0,,,177.8,0.0,,,,,,,,,1.0,,,,,,,1.0,0.0,0.0,1.0,4.0,4.0,4.0
3433809714.0,,,182.9,0.0,,,,,,,,,0.0,,,,,,,0.0,0.0,0.0,0.0,4.0,3.0,1.0
3433791959.0,,,188.0,0.0,,,,,,,,,0.0,,,,,,,1.0,0.0,0.0,1.0,0.0,4.0,0.0
3433766902.0,,,172.7,0.0,,,,,,,,,0.0,,,,,,,0.0,0.0,0.0,0.0,3.0,2.0,0.0
3433704267.0,,,175.3,0.0,,,,,,,,,0.0,,,,,,,,,,,,,
3433702768.0,,,170.2,0.0,,,,,,,,,0.0,,,,,,,0.0,0.0,0.0,1.0,0.0,3.0,6.0
3433696677.0,,,175.3,0.0,,,,,,,,,0.0,,,,,,,0.0,0.0,0.0,1.0,2.0,3.0,4.0
3433682046.0,,,175.3,1.0,,,,,,,,,0.0,,,,,,,0.0,0.0,0.0,1.0,3.0,1.0,0.0
3433675127.0,,,193.0,0.0,,,,,,,,,0.0,,,,,,,1.0,0.0,0.0,1.0,2.0,2.0,8.0
3433674615.0,,,175.3,0.0,,,,,,,,,0.0,,,,,,,0.0,0.0,0.0,1.0,3.0,4.0,1.0
3433674116.0,,,177.8,0.0,,,,,,,,,1.0,,,,,,,0.0,0.0,0.0,0.0,0.0,3.0,1.0
3433673902.0,,,152.4,0.0,,,,,,,,,0.0,,,,,,,0.0,0.0,0.0,0.0,1.0,0.0,4.0
3433669889.0,,,,,,,,,,,,,,,,,,,,,,0.0,1.0,0.0,2.0,5.0
3433547088.0,,,,,,,,,,,,,,,,,,,,,,0.0,0.0,4.0,2.0,3.0
3433546426.0,,,170.2,1.0,,,,,,,,,0.0,,,,,,,0.0,0.0,0.0,1.0,3.0,4.0,7.0
3433532135.0,,,193.0,0.0,,,,,,,,,1.0,,,,,,,0.0,0.0,0.0,1.0,0.0,3.0,1.0
3433529889.0,,,,,,,,,,,,,,,,,,,,,,0.0,0.0,1.0,2.0,0.0
3433508090.0,,,172.7,0.0,,,,,,,,,0.0,,,,,,,0.0,0.0,0.0,0.0,1.0,2.0,0.0
3433505616.0,,,170.2,0.0,,,,,,,,,1.0,,,,,,,0.0,0.0,0.0,1.0,3.0,3.0,6.0
3433498776.0,,,180.3,0.0,,,,,,,,,0.0,,,,,,,0.0,0.0,0.0,1.0,3.0,1.0,4.0
3433491130.0,,,167.6,0.0,,,,,,,,,0.0,,,,,,,1.0,0.0,0.0,0.0,0.0,1.0,8.0
3433481077.0,,,175.3,0.0,,,,,,,,,1.0,,,,,,,1.0,0.0,0.0,1.0,,1.0,6.0
3433469104.0,,,175.3,0.0,,,,,,,,,0.0,,,,,,,0.0,0.0,0.0,0.0,0.0,3.0,8.0
3433455019.0,,,188.0,0.0,,,,,,,,,0.0,,,,,,,1.0,0.0,0.0,1.0,1.0,3.0,1.0
3433451973.0,,,182.9,0.0,,,,,,,,,1.0,,,,,,,0.0,0.0,0.0,1.0,3.0,2.0,8.0
3433444761.0,,,180.3,0.0,,,,,,,,,0.0,,,,,,,0.0,0.0,0.0,1.0,,3.0,0.0
3433443270.0,,,172.7,1.0,,,,,,,,,1.0,,,,,,,1.0,0.0,0.0,1.0,,3.0,0.0
3433421347.0,,,188.0,1.0,,,,,,,,,0.0,,,,,,,0.0,0.0,0.0,1.0,2.0,4.0,0.0
3433413347.0,,,,,,,,,,,,,,,,,,,,,,0.0,2.0,,3.0,4.0
3433408077.0,,,,,,,,,,,,,,,,,,,,,,0.0,0.0,,2.0,4.0
3433405051.0,,,185.4,0.0,,,,,,,,,1.0,,,,,,,0.0,0.0,0.0,2.0,2.0,4.0,8.0
3433400808.0,,,,,,,,,,,,,,,,,,,,,,0.0,2.0,2.0,2.0,6.0
3433400150.0,,,,,,,,,,,,,,,,,,,,,,0.0,1.0,2.0,3.0,8.0
3433396155.0,,,,,,,,,,,,,,,,,,,,,,0.0,2.0,2.0,2.0,4.0
3433387742.0,,,177.8,0.0,,,,,,,,,0.0,,,,,,,0.0,0.0,0.0,1.0,3.0,3.0,3.0
3433383009.0,,,175.3,0.0,,,,,,,,,0.0,,,,,,,0.0,0.0,0.0,2.0,1.0,3.0,1.0
3433381681.0,,,175.3,0.0,,,,,,,,,0.0,,,,,,,0.0,0.0,0.0,3.0,2.0,3.0,5.0
3433379314.0,,,195.6,0.0,,,,,,,,,1.0,,,,,,,0.0,0.0,0.0,3.0,2.0,3.0,7.0
3433372314.0,,,180.3,0.0,,,,,,,,,0.0,,,,,,,0.0,0.0,0.0,3.0,2.0,2.0,7.0
3433370920.0,,,188.0,1.0,,,,,,,,,0.0,,,,,,,0.0,0.0,0.0,1.0,3.0,4.0,1.0
3433368700.0,,,188.0,0.0,,,,,,,,,0.0,,,,,,,0.0,0.0,0.0,2.0,1.0,2.0,4.0
3433368365.0,,,177.8,0.0,,,,,,,,,0.0,,,,,,,0.0,0.0,0.0,2.0,4.0,4.0,4.0
3433366122.0,,,190.5,1.0,,,,,,,,,0.0,,,,,,,0.0,0.0,0.0,1.0,2.0,0.0,3.0
3433365905.0,,,,,,,,,,,,,,,,,,,,,,0.0,2.0,2.0,1.0,3.0
3433365410.0,,,172.7,0.0,,,,,,,,,1.0,,,,,,,0.0,0.0,0.0,3.0,,4.0,3.0
3433365207.0,,,,,,,,,,,,,,,,,,,,,,,,,,
3433363377.0,,,,,,,,,,,,,,,,,,,,,,0.0,0.0,3.0,4.0,
3433361838.0,,,185.4,0.0,,,,,,,,,0.0,,,,,,,0.0,0.0,0.0,2.0,2.0,4.0,8.0
3433358233.0,,,,,,,,,,,,,,,,,,,,,,0.0,0.0,3.0,4.0,0.0
3433356966.0,,,182.9,0.0,,,,,,,,,0.0,,,,,,,0.0,0.0,0.0,2.0,4.0,4.0,0.0
3433355321.0,,,,,,,,,,,,,,,,,,,,,,0.0,0.0,0.0,2.0,1.0
3433351077.0,,,172.7,0.0,,,,,,,,,0.0,,,,,,,0.0,0.0,0.0,3.0,3.0,2.0,8.0
3433347213.0,,,,,,,,,,,,,,,,,,,,,,0.0,0.0,2.0,2.0,0.0
3433343494.0,,,170.2,0.0,,,,,,,,,0.0,,,,,,,0.0,0.0,0.0,3.0,3.0,3.0,3.0
3433342645.0,,,175.3,0.0,,,,,,,,,0.0,,,,,,,1.0,0.0,0.0,0.0,2.0,2.0,4.0
3433339828.0,,,,,,,,,,,,,,,,,,,,,,0.0,3.0,,2.0,6.0
3433339691.0,,,180.3,0.0,,,,,,,,,1.0,,,,,,,0.0,0.0,0.0,3.0,,4.0,6.0
3433339394.0,,,177.8,1.0,,,,,,,,,0.0,,,,,,,0.0,0.0,0.0,2.0,2.0,3.0,0.0
3433335323.0,,,193.0,0.0,,,,,,,,,0.0,,,,,,,0.0,0.0,0.0,1.0,2.0,2.0,0.0
3433334272.0,,,177.8,0.0,,,,,,,,,1.0,,,,,,,0.0,0.0,0.0,3.0,,3.0,0.0
3433333817.0,,,,,,,,,,,,,,,,,,,,,,0.0,2.0,,1.0,3.0
3433332557.0,,,175.3,0.0,,,,,,,,,1.0,,,,,,,0.0,0.0,0.0,3.0,,4.0,6.0
3433330676.0,,,,,,,,,,,,,,,,,,,,,,0.0,3.0,,4.0,0.0
3433329602.0,,,180.3,1.0,,,,,,,,,0.0,,,,,,,0.0,0.0,0.0,1.0,3.0,4.0,5.0
3433327095.0,,,172.7,0.0,,,,,,,,,1.0,,,,,,,0.0,0.0,0.0,3.0,3.0,4.0,7.0
3433323600.0,,,177.8,0.0,,,,,,,,,0.0,,,,,,,1.0,0.0,0.0,3.0,1.0,3.0,1.0
3433322189.0,,,175.3,0.0,,,,,,,,,0.0,,,,,,,0.0,0.0,0.0,3.0,3.0,2.0,4.0
3433321137.0,,,195.6,1.0,,,,,,,,,1.0,,,,,,,0.0,0.0,0.0,2.0,1.0,3.0,0.0
3433314320.0,,,185.4,0.0,,,,,,,,,0.0,,,,,,,1.0,0.0,0.0,3.0,3.0,2.0,0.0
3433313301.0,,,175.3,0.0,,,,,,,,,1.0,,,,,,,0.0,0.0,0.0,2.0,2.0,4.0,7.0
3433312937.0,,,,,,,,,,,,,,,,,,,,,,0.0,1.0,1.0,1.0,1.0
3433309728.0,,,,,,,,,,,,,,,,,,,,,,,,,,
3433309493.0,,,,,,,,,,,,,,,,,,,,,,1.0,3.0,0.0,1.0,0.0
3433308627.0,,,162.6,0.0,,,,,,,,,0.0,,,,,,,0.0,0.0,1.0,3.0,2.0,4.0,1.0
3433307964.0,,,,,,,,,,,,,,,,,,,,,,0.0,0.0,0.0,2.0,7.0
3433307757.0,,,165.1,0.0,,,,,,,,,0.0,,,,,,,0.0,0.0,1.0,3.0,,4.0,6.0
3433307051.0,,,,,,,,,,,,,,,,,,,,,,0.0,2.0,2.0,1.0,1.0
3433305065.0,,,152.4,0.0,,,,,,,,,0.0,,,,,,,0.0,0.0,1.0,3.0,,4.0,0.0
3433304709.0,,,167.6,0.0,,,,,,,,,0.0,,,,,,,0.0,0.0,1.0,3.0,2.0,4.0,1.0
3433304455.0,,,152.4,0.0,,,,,,,,,0.0,,,,,,,0.0,0.0,1.0,3.0,4.0,4.0,6.0
3433303387.0,,,180.3,0.0,,,,,,,,,1.0,,,,,,,1.0,0.0,0.0,3.0,4.0,3.0,3.0
3433300838.0,,,167.6,0.0,,,,,,,,,0.0,,,,,,,0.0,0.0,1.0,3.0,1.0,1.0,2.0
3433300075.0,,,185.4,0.0,,,,,,,,,0.0,,,,,,,0.0,0.0,0.0,3.0,3.0,3.0,6.0
3433299462.0,,,180.3,0.0,,,,,,,,,0.0,,,,,,,0.0,0.0,0.0,3.0,2.0,3.0,7.0
3433297138.0,,,,,,,,,,,,,,,,,,,,,,1.0,3.0,0.0,4.0,3.0
3433294983.0,,,160.0,0.0,,,,,,,,,1.0,,,,,,,0.0,0.0,1.0,3.0,2.0,3.0,4.0
3433292275.0,,,,,,,,,,,,,,,,,,,,,,1.0,3.0,,3.0,0.0
3433292263.0,,,167.6,0.0,,,,,,,,,0.0,,,,,,,0.0,0.0,1.0,3.0,2.0,3.0,0.0
3433292155.0,,,160.0,0.0,,,,,,,,,1.0,,,,,,,0.0,0.0,1.0,3.0,,3.0,6.0
3433292151.0,,,162.6,0.0,,,,,,,,,0.0,,,,,,,0.0,0.0,1.0,3.0,2.0,4.0,5.0
3433289256.0,,,165.1,0.0,,,,,,,,,0.0,,,,,,,0.0,0.0,1.0,3.0,2.0,4.0,0.0
3433285778.0,,,175.3,0.0,,,,,,,,,1.0,,,,,,,0.0,0.0,1.0,3.0,,4.0,1.0
3433285772.0,,,165.1,0.0,,,,,,,,,1.0,,,,,,,0.0,0.0,1.0,3.0,1.0,4.0,2.0
3433285767.0,,,167.6,0.0,,,,,,,,,1.0,,,,,,,0.0,0.0,0.0,3.0,0.0,1.0,4.0
3433284694.0,,,175.3,0.0,,,,,,,,,0.0,,,,,,,0.0,0.0,0.0,3.0,2.0,2.0,7.0
3433284218.0,,,162.6,0.0,,,,,,,,,0.0,,,,,,,0.0,0.0,1.0,3.0,1.0,2.0,0.0
3433282292.0,,,180.3,0.0,,,,,,,,,0.0,,,,,,,0.0,0.0,0.0,3.0,2.0,2.0,0.0
3433282169.0,,,,,,,,,,,,,,,,,,,,,,0.0,3.0,0.0,3.0,7.0
3433281784.0,,,182.9,0.0,,,,,,,,,0.0,,,,,,,0.0,0.0,0.0,3.0,3.0,3.0,0.0
3433280971.0,,,,,,,,,,,,,,,,,,,,,,1.0,3.0,0.0,3.0,4.0
3433280373.0,,,,,,,,,,,,,,,,,,,,,,0.0,2.0,1.0,2.0,6.0
3433279839.0,,,165.1,0.0,,,,,,,,,1.0,,,,,,,0.0,0.0,0.0,3.0,1.0,2.0,0.0
3433279798.0,,,193.0,0.0,,,,,,,,,1.0,,,,,,,0.0,0.0,0.0,1.0,4.0,4.0,0.0
3433278680.0,,,162.6,0.0,,,,,,,,,0.0,,,,,,,0.0,0.0,1.0,3.0,3.0,4.0,4.0
3433278304.0,,,165.1,0.0,,,,,,,,,0.0,,,,,,,0.0,0.0,1.0,3.0,1.0,3.0,0.0
3433277841.0,,,188.0,0.0,,,,,,,,,0.0,,,,,,,0.0,0.0,0.0,2.0,2.0,2.0,4.0
3433275891.0,,,167.6,0.0,,,,,,,,,1.0,,,,,,,0.0,0.0,1.0,3.0,2.0,1.0,8.0
3433274937.0,,,162.6,0.0,,,,,,,,,0.0,,,,,,,0.0,0.0,1.0,3.0,0.0,2.0,6.0
3433273649.0,,,165.1,0.0,,,,,,,,,0.0,,,,,,,1.0,0.0,1.0,3.0,2.0,4.0,0.0
3433273447.0,,,,,,,,,,,,,,,,,,,,,,0.0,3.0,,4.0,1.0
3433273305.0,,,175.3,0.0,,,,,,,,,0.0,,,,,,,0.0,0.0,0.0,1.0,3.0,3.0,7.0
3433270331.0,,,195.6,1.0,,,,,,,,,0.0,,,,,,,1.0,1.0,0.0,2.0,2.0,3.0,4.0
3433269181.0,,,,,,,,,,,,,,,,,,,,,,1.0,3.0,1.0,3.0,4.0
3433268645.0,,,175.3,0.0,,,,,,,,,0.0,,,,,,,0.0,0.0,,,,,
3433268138.0,,,182.9,0.0,,,,,,,,,0.0,,,,,,,1.0,0.0,0.0,2.0,3.0,4.0,8.0
3433265290.0,,,177.8,1.0,,,,,,,,,0.0,,,,,,,0.0,0.0,0.0,1.0,3.0,4.0,0.0
3433265138.0,,,160.0,0.0,,,,,,,,,0.0,,,,,,,0.0,0.0,1.0,3.0,1.0,3.0,0.0
3433263834.0,,,,,,,,,,,,,,,,,,,,,,1.0,3.0,0.0,2.0,0.0
3433263574.0,,,182.9,0.0,,,,,,,,,0.0,,,,,,,0.0,0.0,0.0,3.0,2.0,2.0,4.0
3433262682.0,,,167.6,0.0,,,,,,,,,0.0,,,,,,,0.0,0.0,1.0,3.0,,2.0,4.0
3433262269.0,,,175.3,0.0,,,,,,,,,0.0,,,,,,,0.0,0.0,0.0,2.0,1.0,2.0,6.0
3433261318.0,,,190.5,0.0,,,,,,,,,0.0,,,,,,,0.0,0.0,0.0,3.0,1.0,3.0,1.0
3433260894.0,,,180.3,0.0,,,,,,,,,1.0,,,,,,,0.0,0.0,0.0,3.0,,4.0,7.0
3433260889.0,,,167.6,0.0,,,,,,,,,0.0,,,,,,,0.0,0.0,1.0,3.0,4.0,3.0,1.0
3433260449.0,,,195.6,0.0,,,,,,,,,1.0,,,,,,,0.0,0.0,0.0,2.0,,3.0,0.0
3433260241.0,,,162.6,0.0,,,,,,,,,1.0,,,,,,,0.0,0.0,1.0,1.0,,3.0,8.0
3433259149.0,,,152.4,1.0,,,,,,,,,0.0,,,,,,,0.0,0.0,1.0,1.0,0.0,4.0,4.0
3433259146.0,,,154.9,0.0,,,,,,,,,1.0,,,,,,,0.0,0.0,1.0,3.0,1.0,3.0,7.0
3433258577.0,,,172.7,1.0,,,,,,,,,0.0,,,,,,,0.0,0.0,1.0,1.0,3.0,3.0,4.0
3433258429.0,,,,,,,,,,,,,,,,,,,,,,1.0,1.0,2.0,2.0,2.0
3433257810.0,,,,,,,,,,,,,,,,,,,,,,,,,,
3433256501.0,,,157.5,0.0,,,,,,,,,0.0,,,,,,,0.0,0.0,1.0,3.0,,4.0,1.0
3433256432.0,,,165.1,0.0,,,,,,,,,0.0,,,,,,,0.0,0.0,1.0,1.0,2.0,3.0,4.0
3433254127.0,,,198.1,1.0,,,,,,,,,1.0,,,,,,,1.0,1.0,1.0,1.0,,,0.0
3433254063.0,,,165.1,0.0,,,,,,,,,0.0,,,,,,,0.0,0.0,1.0,1.0,1.0,4.0,6.0
3433253031.0,,,152.4,1.0,,,,,,,,,0.0,,,,,,,0.0,0.0,1.0,1.0,2.0,2.0,7.0
3433252843.0,,,185.4,0.0,,,,,,,,,1.0,,,,,,,0.0,0.0,0.0,3.0,,4.0,7.0
3433251770.0,,,165.1,1.0,,,,,,,,,1.0,,,,,,,0.0,0.0,1.0,1.0,0.0,4.0,6.0
3433250869.0,,,160.0,0.0,,,,,,,,,0.0,,,,,,,1.0,0.0,0.0,1.0,1.0,0.0,6.0
3433249096.0,,,162.6,0.0,,,,,,,,,0.0,,,,,,,0.0,0.0,1.0,1.0,0.0,3.0,3.0
3433246146.0,,,167.6,0.0,,,,,,,,,1.0,,,,,,,0.0,0.0,1.0,3.0,3.0,2.0,4.0
3433244090.0,,,,,,,,,,,,,,,,,,,,,,1.0,1.0,1.0,4.0,4.0
3433241823.0,,,160.0,0.0,,,,,,,,,0.0,,,,,,,1.0,0.0,1.0,1.0,,1.0,1.0
3433240354.0,,,180.3,1.0,,,,,,,,,1.0,,,,,,,0.0,0.0,0.0,2.0,3.0,4.0,8.0
3433238615.0,,,175.3,0.0,,,,,,,,,0.0,,,,,,,0.0,0.0,0.0,3.0,2.0,2.0,4.0
3433238383.0,,,180.3,0.0,,,,,,,,,1.0,,,,,,,0.0,0.0,0.0,3.0,4.0,4.0,
3433237336.0,,,160.0,0.0,,,,,,,,,0.0,,,,,,,0.0,0.0,1.0,1.0,1.0,4.0,0.0
3433235280.0,,,180.3,0.0,,,,,,,,,0.0,,,,,,,0.0,0.0,0.0,1.0,2.0,2.0,8.0
3433234647.0,,,,,,,,,,,,,,,,,,,,,,0.0,2.0,0.0,2.0,1.0
3433234161.0,,,165.1,0.0,,,,,,,,,0.0,,,,,,,0.0,0.0,0.0,1.0,0.0,3.0,0.0
3433227282.0,,,175.3,0.0,,,,,,,,,0.0,,,,,,,1.0,0.0,0.0,2.0,4.0,4.0,3.0
3433227239.0,,,172.7,0.0,,,,,,,,,1.0,,,,,,,0.0,0.0,1.0,3.0,2.0,1.0,4.0
3433225123.0,,,182.9,0.0,,,,,,,,,0.0,,,,,,,1.0,0.0,0.0,0.0,0.0,2.0,8.0
3433225120.0,,,160.0,0.0,,,,,,,,,0.0,,,,,,,0.0,0.0,1.0,1.0,,4.0,
3433221584.0,,,170.2,1.0,,,,,,,,,0.0,,,,,,,0.0,0.0,1.0,3.0,,4.0,0.0
3433219834.0,,,162.6,1.0,,,,,,,,,0.0,,,,,,,0.0,0.0,1.0,1.0,2.0,3.0,7.0
3433219750.0,,,154.9,0.0,,,,,,,,,0.0,,,,,,,0.0,0.0,1.0,1.0,,4.0,2.0
3433219337.0,,,170.2,0.0,,,,,,,,,1.0,,,,,,,1.0,0.0,1.0,1.0,2.0,2.0,1.0
3433219199.0,,,180.3,1.0,,,,,,,,,0.0,,,,,,,0.0,0.0,0.0,1.0,3.0,3.0,0.0
3433219186.0,,,193.0,1.0,,,,,,,,,0.0,,,,,,,0.0,0.0,0.0,2.0,2.0,3.0,0.0
3433218213.0,,,,,,,,,,,,,,,,,,,,,,0.0,3.0,1.0,3.0,4.0
3433213189.0,,,157.5,0.0,,,,,,,,,1.0,,,,,,,0.0,0.0,1.0,1.0,2.0,2.0,0.0
3433212442.0,,,188.0,0.0,,,,,,,,,0.0,,,,,,,0.0,0.0,0.0,0.0,,1.0,4.0
3433212352.0,,,160.0,0.0,,,,,,,,,0.0,,,,,,,0.0,0.0,1.0,3.0,4.0,3.0,0.0
3433212324.0,,,185.4,0.0,,,,,,,,,0.0,,,,,,,0.0,0.0,0.0,2.0,2.0,3.0,4.0
3433210555.0,,,160.0,0.0,,,,,,,,,0.0,,,,,,,0.0,0.0,1.0,1.0,2.0,2.0,0.0
3433209371.0,,,172.7,1.0,,,,,,,,,0.0,,,,,,,0.0,0.0,0.0,1.0,2.0,2.0,3.0
3433207203.0,,,185.4,0.0,,,,,,,,,0.0,,,,,,,0.0,0.0,,,,,
3433206921.0,,,152.4,0.0,,,,,,,,,0.0,,,,,,,0.0,0.0,1.0,1.0,2.0,3.0,6.0
3433204206.0,,,170.2,0.0,,,,,,,,,0.0,,,,,,,0.0,0.0,0.0,3.0,,4.0,8.0
3433203817.0,,,162.6,0.0,,,,,,,,,0.0,,,,,,,0.0,0.0,1.0,3.0,4.0,3.0,5.0
3433203775.0,,,170.2,1.0,,,,,,,,,0.0,,,,,,,0.0,0.0,1.0,1.0,0.0,2.0,4.0
3433203355.0,,,,,,,,,,,,,,,,,,,,,,0.0,3.0,2.0,3.0,3.0
3433202893.0,,,167.6,0.0,,,,,,,,,0.0,,,,,,,0.0,0.0,1.0,3.0,2.0,4.0,8.0
3433202043.0,,,185.4,0.0,,,,,,,,,0.0,,,,,,,0.0,0.0,0.0,3.0,2.0,2.0,6.0
3433197818.0,,,,,,,,,,,,,,,,,,,,,,1.0,3.0,3.0,1.0,
3433195418.0,,,182.9,1.0,,,,,,,,,0.0,,,,,,,0.0,0.0,0.0,2.0,4.0,3.0,6.0
3433194100.0,,,,,,,,,,,,,,,,,,,,,,,,,,
3433191468.0,,,167.6,0.0,,,,,,,,,0.0,,,,,,,0.0,0.0,1.0,3.0,0.0,2.0,6.0
3433189481.0,,,,,,,,,,,,,,,,,,,,,,1.0,3.0,0.0,1.0,6.0
3433186047.0,,,177.8,0.0,,,,,,,,,0.0,,,,,,,0.0,0.0,0.0,3.0,2.0,3.0,3.0
3433185242.0,,,177.8,0.0,,,,,,,,,0.0,,,,,,,0.0,0.0,1.0,3.0,2.0,2.0,0.0
3433184541.0,,,188.0,,,,,,,,,,0.0,,,,,,,0.0,0.0,0.0,3.0,2.0,3.0,1.0
3433184499.0,,,162.6,0.0,,,,,,,,,0.0,,,,,,,0.0,0.0,1.0,1.0,2.0,3.0,4.0
3433183494.0,,,193.0,0.0,,,,,,,,,1.0,,,,,,,0.0,0.0,0.0,3.0,2.0,2.0,1.0
3433183371.0,,,,,,,,,,,,,,,,,,,,,,0.0,3.0,4.0,4.0,4.0
3433182349.0,,,172.7,0.0,,,,,,,,,0.0,,,,,,,0.0,0.0,1.0,3.0,3.0,4.0,6.0
3433181353.0,,,,,,,,,,,,,,,,,,,,,,,,,,
3433180795.0,,,167.6,1.0,,,,,,,,,0.0,,,,,,,1.0,0.0,0.0,1.0,2.0,,2.0
3433178932.0,,,160.0,1.0,,,,,,,,,1.0,,,,,,,0.0,0.0,1.0,3.0,2.0,4.0,3.0
3433175909.0,,,167.6,1.0,,,,,,,,,0.0,,,,,,,0.0,0.0,1.0,1.0,2.0,4.0,0.0
3433174882.0,,,177.8,0.0,,,,,,,,,0.0,,,,,,,0.0,0.0,0.0,3.0,2.0,3.0,1.0
3433173989.0,,,,,,,,,,,,,,,,,,,,,,,,,,
3433173622.0,,,,,,,,,,,,,,,,,,,,,,1.0,3.0,1.0,2.0,6.0
3433169661.0,,,172.7,0.0,,,,,,,,,0.0,,,,,,,1.0,0.0,0.0,0.0,,2.0,4.0
3433169369.0,,,170.2,0.0,,,,,,,,,0.0,,,,,,,0.0,0.0,0.0,3.0,2.0,4.0,0.0
3433167815.0,,,182.9,0.0,,,,,,,,,0.0,,,,,,,0.0,0.0,0.0,3.0,2.0,3.0,8.0
3433166875.0,,,180.3,1.0,,,,,,,,,0.0,,,,,,,1.0,0.0,0.0,1.0,2.0,4.0,0.0
3433166173.0,,,,,,,,,,,,,,,,,,,,,,1.0,3.0,,1.0,4.0
3433154896.0,,,152.4,0.0,,,,,,,,,0.0,,,,,,,1.0,0.0,1.0,1.0,0.0,2.0,1.0
3433154561.0,,,172.7,0.0,,,,,,,,,0.0,,,,,,,0.0,0.0,0.0,3.0,2.0,3.0,4.0
3433152440.0,,,165.1,0.0,,,,,,,,,0.0,,,,,,,0.0,0.0,1.0,3.0,1.0,4.0,6.0
3433152270.0,,,170.2,1.0,,,,,,,,,0.0,,,,,,,0.0,0.0,0.0,2.0,4.0,3.0,0.0
3433151150.0,,,177.8,0.0,,,,,,,,,0.0,,,,,,,0.0,0.0,1.0,3.0,2.0,3.0,7.0
3433147945.0,,,167.6,0.0,,,,,,,,,1.0,,,,,,,0.0,0.0,1.0,3.0,3.0,2.0,4.0
3433142536.0,,,167.6,0.0,,,,,,,,,0.0,,,,,,,0.0,0.0,1.0,1.0,,4.0,6.0
3433138607.0,,,177.8,0.0,,,,,,,,,0.0,,,,,,,0.0,0.0,1.0,1.0,,3.0,1.0
3433136902.0,,,162.6,1.0,,,,,,,,,0.0,,,,,,,0.0,0.0,1.0,1.0,2.0,1.0,5.0
3433134491.0,,,167.6,1.0,,,,,,,,,0.0,,,,,,,1.0,0.0,1.0,1.0,2.0,1.0,3.0
3433134128.0,,,152.4,0.0,,,,,,,,,1.0,,,,,,,0.0,0.0,1.0,3.0,3.0,4.0,4.0
3433133066.0,,,175.3,0.0,,,,,,,,,0.0,,,,,,,0.0,0.0,0.0,3.0,4.0,2.0,4.0
3433132169.0,,,170.2,0.0,,,,,,,,,0.0,,,,,,,0.0,0.0,0.0,3.0,2.0,4.0,6.0
3433131247.0,,,182.9,0.0,,,,,,,,,1.0,,,,,,,1.0,0.0,0.0,3.0,3.0,4.0,0.0
3433130085.0,,,172.7,0.0,,,,,,,,,1.0,,,,,,,0.0,0.0,0.0,2.0,2.0,2.0,7.0
3433128680.0,,,180.3,0.0,,,,,,,,,1.0,,,,,,,0.0,0.0,0.0,3.0,,3.0,3.0
3433127456.0,,,165.1,0.0,,,,,,,,,1.0,,,,,,,0.0,0.0,1.0,2.0,0.0,2.0,3.0
3433127355.0,,,162.6,0.0,,,,,,,,,0.0,,,,,,,0.0,0.0,1.0,1.0,1.0,2.0,0.0
3433127341.0,,,190.5,0.0,,,,,,,,,1.0,,,,,,,0.0,0.0,0.0,2.0,2.0,2.0,6.0
3433126810.0,,,,,,,,,,,,,,,,,,,,,,0.0,3.0,1.0,3.0,1.0
3433125333.0,,,152.4,0.0,,,,,,,,,0.0,,,,,,,0.0,0.0,1.0,2.0,2.0,2.0,1.0
3433125109.0,,,160.0,0.0,,,,,,,,,0.0,,,,,,,0.0,0.0,1.0,1.0,4.0,4.0,6.0
3433124803.0,,,193.0,0.0,,,,,,,,,1.0,,,,,,,0.0,0.0,0.0,0.0,1.0,3.0,0.0
3433123624.0,,,,,,,,,,,,,,,,,,,,,,1.0,3.0,2.0,2.0,0.0
3433122984.0,,,,,,,,,,,,,,,,,,,,,,1.0,1.0,,2.0,6.0
3433122572.0,,,165.1,0.0,,,,,,,,,1.0,,,,,,,0.0,0.0,1.0,1.0,1.0,1.0,8.0
3433120295.0,,,170.2,0.0,,,,,,,,,1.0,,,,,,,0.0,0.0,1.0,3.0,3.0,4.0,2.0
3433119106.0,,,167.6,0.0,,,,,,,,,0.0,,,,,,,0.0,0.0,1.0,2.0,3.0,3.0,5.0
3433118974.0,,,172.7,0.0,,,,,,,,,0.0,,,,,,,1.0,0.0,1.0,1.0,1.0,4.0,5.0
3433118369.0,,,,,,,,,,,,,,,,,,,,,,1.0,2.0,2.0,3.0,2.0
3433117854.0,,,160.0,0.0,,,,,,,,,0.0,,,,,,,0.0,0.0,1.0,2.0,2.0,1.0,6.0
3433116022.0,,,160.0,0.0,,,,,,,,,0.0,,,,,,,0.0,0.0,1.0,3.0,4.0,4.0,6.0
3433113130.0,,,162.6,0.0,,,,,,,,,1.0,,,,,,,1.0,0.0,1.0,1.0,4.0,2.0,1.0
3433112973.0,,,172.7,0.0,,,,,,,,,1.0,,,,,,,0.0,0.0,1.0,3.0,2.0,4.0,2.0
3433111977.0,,,165.1,0.0,,,,,,,,,0.0,,,,,,,0.0,0.0,1.0,1.0,2.0,2.0,1.0
3433111959.0,,,190.5,0.0,,,,,,,,,0.0,,,,,,,0.0,0.0,0.0,1.0,4.0,4.0,0.0
3433107832.0,,,177.8,0.0,,,,,,,,,0.0,,,,,,,0.0,0.0,0.0,3.0,4.0,4.0,4.0
3433107608.0,,,157.5,0.0,,,,,,,,,1.0,,,,,,,0.0,0.0,1.0,1.0,1.0,3.0,3.0
3433106334.0,,,,,,,,,,,,,,,,,,,,,,0.0,0.0,0.0,2.0,0.0
3433106170.0,,,152.4,0.0,,,,,,,,,0.0,,,,,,,0.0,0.0,1.0,2.0,2.0,3.0,6.0
3433104895.0,,,165.1,0.0,,,,,,,,,0.0,,,,,,,0.0,0.0,1.0,2.0,3.0,4.0,
3433101109.0,,,,,,,,,,,,,,,,,,,,,,1.0,2.0,,1.0,6.0
3433100773.0,,,170.2,0.0,,,,,,,,,1.0,,,,,,,0.0,0.0,1.0,2.0,4.0,4.0,2.0
3433100648.0,,,177.8,1.0,,,,,,,,,1.0,,,,,,,0.0,0.0,0.0,3.0,1.0,2.0,0.0
3433100189.0,,,,,,,,,,,,,,,,,,,,,,1.0,3.0,1.0,1.0,0.0
3433099083.0,,,170.2,0.0,,,,,,,,,1.0,,,,,,,0.0,0.0,1.0,2.0,4.0,4.0,4.0
3433092925.0,,,190.5,0.0,,,,,,,,,1.0,,,,,,,1.0,0.0,0.0,2.0,2.0,3.0,0.0
3433092542.0,,,162.6,0.0,,,,,,,,,0.0,,,,,,,0.0,0.0,1.0,2.0,3.0,2.0,6.0
3433092034.0,,,172.7,0.0,,,,,,,,,0.0,,,,,,,0.0,0.0,0.0,3.0,1.0,4.0,4.0
3433091714.0,,,154.9,0.0,,,,,,,,,1.0,,,,,,,1.0,0.0,1.0,3.0,,4.0,4.0
3433091359.0,,,170.2,1.0,,,,,,,,,0.0,,,,,,,0.0,0.0,1.0,1.0,1.0,4.0,3.0
3433089571.0,,,,,,,,,,,,,,,,,,,,,,1.0,1.0,0.0,3.0,8.0
3433089108.0,,,,,,,,,,,,,,,,,,,,,,1.0,3.0,1.0,1.0,0.0
3433085566.0,,,167.6,0.0,,,,,,,,,0.0,,,,,,,0.0,0.0,1.0,1.0,4.0,4.0,6.0
3433081885.0,,,170.2,1.0,,,,,,,,,0.0,,,,,,,1.0,0.0,0.0,3.0,4.0,2.0,0.0
3433081158.0,,,172.7,1.0,,,,,,,,,0.0,,,,,,,0.0,0.0,1.0,1.0,2.0,3.0,4.0
3433075339.0,,,,,,,,,,,,,,,,,,,,,,1.0,2.0,4.0,3.0,4.0
3433070885.0,,,172.7,0.0,,,,,,,,,0.0,,,,,,,0.0,0.0,1.0,1.0,3.0,3.0,2.0
3433070481.0,,,160.0,0.0,,,,,,,,,0.0,,,,,,,0.0,0.0,1.0,2.0,4.0,3.0,8.0
3433068348.0,,,180.3,0.0,,,,,,,,,1.0,,,,,,,0.0,0.0,0.0,1.0,2.0,3.0,1.0
3433066014.0,,,160.0,1.0,,,,,,,,,0.0,,,,,,,1.0,0.0,1.0,1.0,2.0,3.0,6.0
3433065951.0,,,162.6,1.0,,,,,,,,,1.0,,,,,,,1.0,0.0,1.0,1.0,3.0,3.0,3.0
3433065628.0,,,,,,,,,,,,,,,,,,,,,,0.0,0.0,0.0,2.0,8.0
3433061705.0,,,175.3,0.0,,,,,,,,,0.0,,,,,,,0.0,0.0,0.0,3.0,2.0,4.0,4.0
3433060473.0,,,190.5,0.0,,,,,,,,,1.0,,,,,,,,,,,,,
3433060186.0,,,172.7,0.0,,,,,,,,,0.0,,,,,,,0.0,0.0,1.0,3.0,0.0,3.0,3.0
3433059796.0,,,165.1,0.0,,,,,,,,,0.0,,,,,,,0.0,0.0,1.0,2.0,2.0,4.0,4.0
3433058854.0,,,,,,,,,,,,,,,,,,,,,,,,,,
3433058367.0,,,,,,,,,,,,,,,,,,,,,,0.0,0.0,2.0,2.0,7.0
3433056786.0,,,162.6,0.0,,,,,,,,,0.0,,,,,,,0.0,0.0,1.0,2.0,4.0,3.0,4.0
3433056614.0,,,,,,,,,,,,,,,,,,,,,,1.0,1.0,0.0,2.0,0.0
3433055279.0,,,,,,,,,,,,,,,,,,,,,,1.0,2.0,0.0,3.0,6.0
3433048675.0,,,177.8,0.0,,,,,,,,,0.0,,,,,,,0.0,0.0,1.0,3.0,3.0,3.0,1.0
3433047339.0,,,172.7,0.0,,,,,,,,,1.0,,,,,,,0.0,0.0,0.0,3.0,2.0,4.0,4.0
3433047308.0,,,182.9,1.0,,,,,,,,,0.0,,,,,,,1.0,0.0,0.0,1.0,2.0,4.0,1.0
3433046738.0,,,170.2,0.0,,,,,,,,,0.0,,,,,,,0.0,0.0,1.0,1.0,2.0,4.0,1.0
3433046022.0,,,170.2,0.0,,,,,,,,,0.0,,,,,,,0.0,0.0,0.0,2.0,1.0,2.0,1.0
3433045463.0,,,165.1,0.0,,,,,,,,,0.0,,,,,,,0.0,0.0,1.0,2.0,2.0,3.0,6.0
3433044521.0,,,167.6,0.0,,,,,,,,,0.0,,,,,,,1.0,0.0,1.0,2.0,2.0,2.0,0.0
3433042186.0,,,170.2,0.0,,,,,,,,,1.0,,,,,,,0.0,0.0,0.0,0.0,0.0,2.0,0.0
3433041420.0,,,165.1,0.0,,,,,,,,,0.0,,,,,,,0.0,0.0,1.0,2.0,1.0,1.0,4.0
3433040924.0,,,175.3,0.0,,,,,,,,,0.0,,,,,,,0.0,0.0,1.0,2.0,2.0,2.0,4.0
3433040828.0,,,172.7,0.0,,,,,,,,,,,,,,,,,,,,,,
3433040639.0,,,162.6,0.0,,,,,,,,,0.0,,,,,,,0.0,0.0,1.0,1.0,,2.0,0.0
3433040502.0,,,182.9,1.0,,,,,,,,,0.0,,,,,,,0.0,0.0,0.0,1.0,,3.0,3.0
3433040208.0,,,180.3,,,,,,,,,,1.0,,,,,,,,,,,,,
3433038916.0,,,157.5,0.0,,,,,,,,,0.0,,,,,,,1.0,0.0,0.0,0.0,0.0,4.0,8.0
3433038337.0,,,162.6,0.0,,,,,,,,,1.0,,,,,,,0.0,0.0,1.0,3.0,,1.0,0.0
3433038245.0,,,182.9,0.0,,,,,,,,,0.0,,,,,,,0.0,0.0,0.0,2.0,4.0,2.0,2.0
3433036321.0,,,157.5,0.0,,,,,,,,,0.0,,,,,,,0.0,0.0,1.0,1.0,1.0,2.0,7.0
3433036205.0,,,,,,,,,,,,,,,,,,,,,,0.0,3.0,2.0,4.0,8.0
3433032917.0,,,172.7,0.0,,,,,,,,,0.0,,,,,,,0.0,0.0,0.0,3.0,1.0,4.0,0.0
3433026928.0,,,180.3,1.0,,,,,,,,,0.0,,,,,,,0.0,0.0,0.0,2.0,4.0,4.0,6.0
3433024395.0,,,,,,,,,,,,,,,,,,,,,,1.0,3.0,2.0,4.0,6.0
3433024187.0,,,182.9,0.0,,,,,,,,,1.0,,,,,,,0.0,0.0,0.0,2.0,4.0,4.0,5.0
3433020399.0,,,152.4,0.0,,,,,,,,,0.0,,,,,,,0.0,0.0,1.0,3.0,,2.0,7.0
3433018911.0,,,152.4,0.0,,,,,,,,,1.0,,,,,,,0.0,0.0,1.0,2.0,3.0,2.0,7.0
3433016483.0,,,167.6,0.0,,,,,,,,,0.0,,,,,,,0.0,0.0,1.0,2.0,4.0,3.0,0.0
3433011754.0,,,170.2,0.0,,,,,,,,,0.0,,,,,,,0.0,0.0,1.0,3.0,3.0,4.0,0.0
3433010954.0,,,,,,,,,,,,,,,,,,,,,,1.0,2.0,2.0,1.0,0.0
3433010053.0,,,,,,,,,,,,,,,,,,,,,,1.0,1.0,2.0,1.0,1.0
3433006165.0,,,172.7,0.0,,,,,,,,,0.0,,,,,,,0.0,0.0,0.0,2.0,3.0,2.0,5.0
3433005536.0,,,170.2,0.0,,,,,,,,,1.0,,,,,,,0.0,0.0,1.0,3.0,2.0,4.0,2.0
3433003776.0,,,177.8,0.0,,,,,,,,,0.0,,,,,,,0.0,0.0,0.0,1.0,1.0,4.0,8.0
3433003301.0,,,162.6,1.0,,,,,,,,,0.0,,,,,,,0.0,0.0,1.0,1.0,,2.0,3.0
3433000796.0,,,165.1,1.0,,,,,,,,,1.0,,,,,,,0.0,0.0,1.0,2.0,3.0,4.0,7.0
3432997737.0,,,180.3,1.0,,,,,,,,,1.0,,,,,,,0.0,0.0,0.0,2.0,2.0,1.0,1.0
3432993607.0,,,165.1,0.0,,,,,,,,,0.0,,,,,,,0.0,0.0,1.0,2.0,1.0,2.0,1.0
3432985328.0,,,162.6,0.0,,,,,,,,,0.0,,,,,,,0.0,0.0,,,,,
3432985270.0,,,162.6,0.0,,,,,,,,,0.0,,,,,,,0.0,0.0,1.0,1.0,2.0,3.0,5.0
3432984528.0,,,180.3,0.0,,,,,,,,,0.0,,,,,,,0.0,0.0,0.0,2.0,3.0,4.0,1.0
3432984086.0,,,180.3,0.0,,,,,,,,,0.0,,,,,,,0.0,0.0,0.0,3.0,,2.0,8.0
3432983878.0,,,,,,,,,,,,,,,,,,,,,,0.0,3.0,1.0,2.0,1.0
3432982461.0,,,167.6,1.0,,,,,,,,,0.0,,,,,,,0.0,0.0,1.0,2.0,4.0,3.0,8.0
3432981710.0,,,167.6,0.0,,,,,,,,,0.0,,,,,,,1.0,0.0,1.0,2.0,2.0,4.0,2.0
3432981204.0,,,188.0,0.0,,,,,,,,,0.0,,,,,,,0.0,0.0,0.0,0.0,0.0,2.0,4.0
3432979719.0,,,162.6,0.0,,,,,,,,,0.0,,,,,,,0.0,0.0,1.0,3.0,2.0,2.0,0.0
3432975899.0,,,172.7,0.0,,,,,,,,,1.0,,,,,,,0.0,0.0,1.0,1.0,2.0,2.0,0.0
3432974561.0,,,177.8,0.0,,,,,,,,,0.0,,,,,,,0.0,0.0,1.0,3.0,1.0,2.0,2.0
3432973828.0,,,177.8,0.0,,,,,,,,,0.0,,,,,,,1.0,0.0,0.0,2.0,,4.0,8.0
3432972333.0,,,165.1,0.0,,,,,,,,,0.0,,,,,,,0.0,0.0,1.0,3.0,2.0,4.0,4.0
3432970038.0,,,175.3,0.0,,,,,,,,,1.0,,,,,,,0.0,0.0,1.0,2.0,2.0,3.0,0.0
3432968822.0,,,180.3,0.0,,,,,,,,,0.0,,,,,,,0.0,0.0,0.0,3.0,2.0,2.0,4.0
3432965050.0,,,160.0,0.0,,,,,,,,,0.0,,,,,,,0.0,0.0,1.0,1.0,,4.0,0.0
3432963197.0,,,165.1,0.0,,,,,,,,,1.0,,,,,,,0.0,0.0,1.0,3.0,2.0,4.0,4.0
3432962590.0,,,172.7,1.0,,,,,,,,,1.0,,,,,,,0.0,0.0,1.0,2.0,3.0,4.0,7.0
3432960705.0,,,157.5,0.0,,,,,,,,,0.0,,,,,,,0.0,0.0,1.0,3.0,,3.0,3.0
3432952223.0,,,175.3,0.0,,,,,,,,,1.0,,,,,,,0.0,0.0,1.0,3.0,3.0,4.0,0.0
3432949297.0,,,162.6,1.0,,,,,,,,,1.0,,,,,,,0.0,0.0,1.0,1.0,4.0,3.0,8.0
3432946991.0,,,177.8,0.0,,,,,,,,,0.0,,,,,,,0.0,0.0,0.0,3.0,1.0,3.0,6.0
3432944386.0,,,170.2,1.0,,,,,,,,,0.0,,,,,,,0.0,0.0,1.0,1.0,1.0,2.0,2.0
3432942662.0,,,180.3,0.0,,,,,,,,,0.0,,,,,,,0.0,0.0,0.0,2.0,2.0,4.0,0.0
3432941768.0,,,172.7,0.0,,,,,,,,,1.0,,,,,,,0.0,0.0,0.0,2.0,4.0,2.0,0.0
3432941469.0,,,170.2,1.0,,,,,,,,,0.0,,,,,,,0.0,0.0,1.0,2.0,2.0,2.0,7.0
3432940589.0,,,157.5,1.0,,,,,,,,,1.0,,,,,,,0.0,0.0,,,,,
3432940391.0,,,,,,,,,,,,,,,,,,,,,,1.0,2.0,,4.0,6.0
3432939803.0,,,175.3,1.0,,,,,,,,,0.0,,,,,,,0.0,0.0,0.0,2.0,3.0,3.0,3.0
3432938209.0,,,170.2,0.0,,,,,,,,,0.0,,,,,,,0.0,0.0,1.0,2.0,3.0,3.0,
3432936449.0,,,162.6,1.0,,,,,,,,,0.0,,,,,,,0.0,0.0,1.0,2.0,3.0,4.0,2.0
3432929915.0,,,160.0,1.0,,,,,,,,,0.0,,,,,,,0.0,0.0,1.0,1.0,,4.0,8.0
3432928226.0,,,180.3,1.0,,,,,,,,,0.0,,,,,,,0.0,0.0,0.0,3.0,0.0,2.0,6.0
3432927637.0,,,152.4,0.0,,,,,,,,,0.0,,,,,,,0.0,0.0,1.0,2.0,3.0,3.0,6.0
3432923463.0,,,175.3,0.0,,,,,,,,,0.0,,,,,,,0.0,0.0,0.0,3.0,2.0,4.0,4.0
3432918978.0,,,182.9,0.0,,,,,,,,,0.0,,,,,,,0.0,0.0,0.0,2.0,3.0,3.0,7.0
3432918795.0,,,,,,,,,,,,,,,,,,,,,,0.0,0.0,0.0,2.0,3.0
3432918732.0,,,,,,,,,,,,,,,,,,,,,,0.0,2.0,0.0,2.0,1.0
3432918182.0,,,162.6,1.0,,,,,,,,,0.0,,,,,,,0.0,0.0,1.0,2.0,1.0,2.0,1.0
3432913287.0,,,175.3,0.0,,,,,,,,,0.0,,,,,,,0.0,0.0,1.0,2.0,,4.0,4.0
3432911727.0,,,160.0,0.0,,,,,,,,,0.0,,,,,,,0.0,0.0,1.0,2.0,,3.0,7.0
3432911349.0,,,,,,,,,,,,,,,,,,,,,,1.0,1.0,3.0,3.0,6.0
3432907771.0,,,182.9,0.0,,,,,,,,,1.0,,,,,,,0.0,0.0,0.0,3.0,4.0,4.0,4.0
3432907735.0,,,172.7,1.0,,,,,,,,,0.0,,,,,,,0.0,0.0,1.0,1.0,3.0,3.0,4.0
3432907691.0,,,162.6,0.0,,,,,,,,,0.0,,,,,,,0.0,0.0,1.0,3.0,1.0,2.0,8.0
3432904458.0,,,170.2,0.0,,,,,,,,,0.0,,,,,,,0.0,0.0,1.0,1.0,2.0,1.0,1.0
3432903879.0,,,177.8,0.0,,,,,,,,,1.0,,,,,,,0.0,0.0,0.0,2.0,3.0,4.0,3.0
3432902085.0,,,160.0,0.0,,,,,,,,,0.0,,,,,,,0.0,0.0,1.0,2.0,3.0,4.0,0.0
3432898980.0,,,,,,,,,,,,,,,,,,,,,,0.0,3.0,2.0,4.0,
3432893247.0,,,180.3,0.0,,,,,,,,,0.0,,,,,,,1.0,0.0,0.0,1.0,3.0,2.0,0.0
3432892407.0,,,160.0,0.0,,,,,,,,,1.0,,,,,,,0.0,0.0,1.0,2.0,,2.0,1.0
3432889720.0,,,160.0,0.0,,,,,,,,,1.0,,,,,,,0.0,0.0,1.0,3.0,2.0,4.0,1.0
3432888725.0,,,170.2,1.0,,,,,,,,,1.0,,,,,,,0.0,0.0,1.0,2.0,3.0,4.0,8.0
3432882886.0,,,182.9,0.0,,,,,,,,,0.0,,,,,,,1.0,0.0,0.0,1.0,,4.0,8.0
3432882055.0,,,160.0,0.0,,,,,,,,,0.0,,,,,,,0.0,0.0,1.0,2.0,3.0,1.0,4.0
3432874714.0,,,177.8,0.0,,,,,,,,,0.0,,,,,,,1.0,0.0,0.0,0.0,4.0,3.0,6.0
3432870182.0,,,154.9,0.0,,,,,,,,,0.0,,,,,,,0.0,0.0,1.0,3.0,,4.0,4.0
3432863942.0,,,190.5,1.0,,,,,,,,,0.0,,,,,,,0.0,0.0,0.0,2.0,3.0,2.0,6.0
3432863119.0,,,170.2,0.0,,,,,,,,,0.0,,,,,,,0.0,0.0,1.0,2.0,1.0,1.0,1.0
3432861352.0,,,157.5,0.0,,,,,,,,,1.0,,,,,,,0.0,0.0,1.0,2.0,4.0,4.0,4.0
3432860870.0,,,,,,,,,,,,,,,,,,,,,,0.0,0.0,1.0,2.0,8.0
3432860498.0,,,182.9,1.0,,,,,,,,,0.0,,,,,,,0.0,0.0,0.0,2.0,2.0,4.0,8.0
3432859575.0,,,,,,,,,,,,,,,,,,,,,,0.0,2.0,0.0,2.0,0.0
3432858420.0,,,152.4,0.0,,,,,,,,,0.0,,,,,,,0.0,0.0,1.0,3.0,2.0,1.0,7.0
3432855362.0,,,165.1,0.0,,,,,,,,,0.0,,,,,,,0.0,0.0,1.0,2.0,1.0,3.0,0.0
3432855309.0,,,188.0,1.0,,,,,,,,,1.0,,,,,,,0.0,0.0,0.0,2.0,3.0,3.0,4.0
3432853095.0,,,180.3,0.0,,,,,,,,,1.0,,,,,,,0.0,0.0,0.0,3.0,2.0,3.0,6.0
3432852647.0,,,157.5,0.0,,,,,,,,,0.0,,,,,,,1.0,0.0,1.0,2.0,2.0,1.0,5.0
3432848594.0,,,170.2,1.0,,,,,,,,,0.0,,,,,,,0.0,0.0,1.0,1.0,2.0,2.0,0.0
3432848086.0,,,182.9,0.0,,,,,,,,,0.0,,,,,,,0.0,0.0,,,,,
3432843728.0,,,182.9,0.0,,,,,,,,,0.0,,,,,,,0.0,0.0,0.0,2.0,4.0,4.0,2.0
3432840422.0,,,170.2,1.0,,,,,,,,,0.0,,,,,,,0.0,0.0,1.0,2.0,,4.0,4.0
3432839137.0,,,152.4,0.0,,,,,,,,,0.0,,,,,,,0.0,0.0,1.0,1.0,3.0,2.0,0.0
3432838747.0,,,,,,,,,,,,,,,,,,,,,,1.0,2.0,1.0,1.0,6.0
3432837467.0,,,180.3,0.0,,,,,,,,,0.0,,,,,,,0.0,0.0,0.0,0.0,3.0,2.0,0.0
3432836941.0,,,170.2,0.0,,,,,,,,,0.0,,,,,,,0.0,0.0,1.0,1.0,3.0,2.0,7.0
3432833143.0,,,,,,,,,,,,,,,,,,,,,,0.0,0.0,3.0,3.0,0.0
3432832379.0,,,152.4,0.0,,,,,,,,,0.0,,,,,,,0.0,0.0,1.0,1.0,,,1.0
3432831602.0,,,165.1,0.0,,,,,,,,,0.0,,,,,,,0.0,0.0,1.0,3.0,3.0,4.0,5.0
3432831349.0,,,,,,,,,,,,,,,,,,,,,,,,,,
3432830879.0,,,165.1,0.0,,,,,,,,,0.0,,,,,,,0.0,0.0,1.0,2.0,2.0,4.0,8.0
3432827955.0,,,172.7,0.0,,,,,,,,,0.0,,,,,,,0.0,0.0,0.0,1.0,4.0,3.0,0.0
3432826278.0,,,180.3,0.0,,,,,,,,,1.0,,,,,,,0.0,0.0,0.0,0.0,,,2.0
3432823175.0,,,,,,,,,,,,,,,,,,,,,,0.0,0.0,,0.0,0.0
3432814391.0,,,182.9,0.0,,,,,,,,,1.0,,,,,,,1.0,0.0,0.0,3.0,4.0,4.0,0.0
3432814266.0,,,,,,,,,,,,,,,,,,,,,,0.0,0.0,3.0,3.0,0.0
3432813588.0,,,,,,,,,,,,,,,,,,,,,,1.0,1.0,0.0,2.0,0.0
3432813538.0,,,,,,,,,,,,,,,,,,,,,,1.0,2.0,4.0,3.0,1.0
3432809285.0,,,175.3,0.0,,,,,,,,,0.0,,,,,,,0.0,0.0,1.0,2.0,3.0,4.0,6.0
3432807061.0,,,157.5,0.0,,,,,,,,,0.0,,,,,,,0.0,0.0,1.0,2.0,1.0,3.0,6.0
3432800605.0,,,165.1,0.0,,,,,,,,,0.0,,,,,,,1.0,0.0,0.0,1.0,4.0,2.0,0.0
3432799814.0,,,165.1,1.0,,,,,,,,,0.0,,,,,,,0.0,0.0,1.0,2.0,3.0,4.0,0.0
3432797272.0,,,180.3,0.0,,,,,,,,,1.0,,,,,,,0.0,0.0,1.0,1.0,2.0,4.0,0.0
3432793410.0,,,157.5,0.0,,,,,,,,,0.0,,,,,,,1.0,0.0,1.0,0.0,2.0,3.0,0.0
3432792493.0,,,170.2,0.0,,,,,,,,,1.0,,,,,,,1.0,0.0,0.0,2.0,4.0,3.0,0.0
3432791789.0,,,190.5,0.0,,,,,,,,,1.0,,,,,,,0.0,0.0,0.0,2.0,0.0,3.0,5.0
3432786313.0,,,170.2,1.0,,,,,,,,,0.0,,,,,,,0.0,0.0,1.0,1.0,2.0,3.0,7.0
3432784159.0,,,177.8,0.0,,,,,,,,,0.0,,,,,,,1.0,0.0,0.0,1.0,1.0,3.0,0.0
3432782903.0,,,162.6,0.0,,,,,,,,,0.0,,,,,,,0.0,0.0,1.0,2.0,3.0,4.0,1.0
3432780542.0,,,182.9,0.0,,,,,,,,,1.0,,,,,,,0.0,0.0,0.0,2.0,2.0,3.0,8.0
3432779202.0,,,175.3,0.0,,,,,,,,,0.0,,,,,,,0.0,0.0,0.0,3.0,2.0,1.0,6.0
3432773257.0,,,180.3,0.0,,,,,,,,,0.0,,,,,,,0.0,0.0,0.0,2.0,3.0,2.0,0.0
3432768051.0,,,165.1,0.0,,,,,,,,,0.0,,,,,,,0.0,0.0,1.0,3.0,4.0,4.0,0.0
3432766511.0,,,177.8,0.0,,,,,,,,,1.0,,,,,,,0.0,0.0,0.0,3.0,3.0,4.0,0.0
3432764140.0,,,167.6,1.0,,,,,,,,,0.0,,,,,,,0.0,0.0,1.0,1.0,3.0,3.0,8.0
3432760923.0,,,177.8,0.0,,,,,,,,,1.0,,,,,,,0.0,0.0,1.0,2.0,,3.0,6.0
3432757907.0,,,167.6,0.0,,,,,,,,,0.0,,,,,,,0.0,0.0,1.0,2.0,1.0,3.0,0.0
3432757277.0,,,170.2,0.0,,,,,,,,,0.0,,,,,,,0.0,0.0,1.0,2.0,2.0,3.0,4.0
3432756587.0,,,165.1,1.0,,,,,,,,,0.0,,,,,,,0.0,0.0,1.0,2.0,2.0,3.0,4.0
3432756556.0,,,,,,,,,,,,,,,,,,,,,,0.0,3.0,0.0,1.0,2.0
3432748659.0,,,172.7,1.0,,,,,,,,,0.0,,,,,,,0.0,0.0,0.0,3.0,,,0.0
3432747385.0,,,190.5,0.0,,,,,,,,,1.0,,,,,,,0.0,0.0,0.0,0.0,,3.0,8.0
3432743308.0,,,,,,,,,,,,,,,,,,,,,,0.0,3.0,1.0,4.0,4.0
3432743281.0,,,157.5,1.0,,,,,,,,,0.0,,,,,,,0.0,0.0,1.0,2.0,3.0,4.0,1.0
3432742047.0,,,,,,,,,,,,,,,,,,,,,,1.0,1.0,2.0,3.0,2.0
3432732425.0,,,172.7,0.0,,,,,,,,,1.0,,,,,,,0.0,0.0,0.0,1.0,,4.0,6.0
3432730924.0,,,185.4,0.0,,,,,,,,,0.0,,,,,,,0.0,0.0,0.0,3.0,4.0,4.0,0.0
3432729673.0,,,180.3,0.0,,,,,,,,,0.0,,,,,,,1.0,0.0,0.0,0.0,1.0,2.0,1.0
3432729279.0,,,180.3,0.0,,,,,,,,,1.0,,,,,,,0.0,0.0,0.0,2.0,1.0,2.0,4.0
3432725309.0,,,152.4,0.0,,,,,,,,,1.0,,,,,,,0.0,0.0,1.0,1.0,2.0,4.0,1.0
3432725057.0,,,172.7,0.0,,,,,,,,,0.0,,,,,,,0.0,0.0,0.0,1.0,2.0,,1.0
3432723006.0,,,180.3,0.0,,,,,,,,,1.0,,,,,,,0.0,0.0,0.0,1.0,3.0,2.0,0.0
3432719444.0,,,177.8,0.0,,,,,,,,,1.0,,,,,,,0.0,0.0,0.0,3.0,2.0,4.0,0.0
3432717557.0,,,170.2,0.0,,,,,,,,,0.0,,,,,,,0.0,0.0,0.0,0.0,0.0,2.0,0.0
3432716154.0,,,177.8,0.0,,,,,,,,,,,,,,,,,,,,,,
3432715149.0,,,160.0,0.0,,,,,,,,,0.0,,,,,,,0.0,0.0,1.0,2.0,2.0,3.0,2.0
3432712883.0,,,185.4,0.0,,,,,,,,,0.0,,,,,,,1.0,0.0,0.0,3.0,4.0,3.0,0.0
3432712733.0,,,162.6,1.0,,,,,,,,,0.0,,,,,,,0.0,0.0,1.0,1.0,,3.0,3.0
3432712670.0,,,165.1,0.0,,,,,,,,,0.0,,,,,,,1.0,0.0,0.0,0.0,2.0,3.0,1.0
3432710807.0,,,170.2,0.0,,,,,,,,,0.0,,,,,,,0.0,0.0,1.0,2.0,1.0,4.0,8.0
3432708518.0,,,172.7,1.0,,,,,,,,,1.0,,,,,,,0.0,0.0,1.0,1.0,2.0,4.0,7.0
3432704896.0,,,157.5,0.0,,,,,,,,,0.0,,,,,,,0.0,0.0,1.0,2.0,2.0,2.0,8.0
3432703862.0,,,180.3,0.0,,,,,,,,,0.0,,,,,,,1.0,0.0,0.0,2.0,3.0,3.0,6.0
3432702734.0,,,,,,,,,,,,,,,,,,,,,,1.0,0.0,1.0,3.0,0.0
3432702376.0,,,,,,,,,,,,,,,,,,,,,,1.0,0.0,2.0,3.0,8.0
3432701612.0,,,175.3,0.0,,,,,,,,,1.0,,,,,,,0.0,0.0,1.0,0.0,2.0,3.0,7.0
3432698661.0,,,172.7,0.0,,,,,,,,,0.0,,,,,,,1.0,0.0,1.0,0.0,1.0,3.0,4.0
3432696460.0,,,,,,,,,,,,,,,,,,,,,,0.0,0.0,1.0,2.0,0.0
3432694545.0,,,167.6,0.0,,,,,,,,,1.0,,,,,,,0.0,0.0,1.0,1.0,2.0,2.0,6.0
3432693762.0,,,175.3,1.0,,,,,,,,,0.0,,,,,,,0.0,0.0,1.0,1.0,2.0,3.0,4.0
3432692283.0,,,165.1,0.0,,,,,,,,,0.0,,,,,,,0.0,0.0,1.0,0.0,,1.0,1.0
3432690556.0,,,157.5,0.0,,,,,,,,,0.0,,,,,,,0.0,0.0,1.0,2.0,3.0,4.0,8.0
3432688045.0,,,165.1,0.0,,,,,,,,,0.0,,,,,,,1.0,0.0,1.0,0.0,2.0,4.0,0.0
3432686853.0,,,182.9,0.0,,,,,,,,,0.0,,,,,,,0.0,0.0,1.0,2.0,2.0,3.0,
3432686527.0,,,,,,,,,,,,,,,,,,,,,,1.0,1.0,1.0,1.0,1.0
3432682685.0,,,167.6,0.0,,,,,,,,,0.0,,,,,,,0.0,0.0,1.0,0.0,2.0,3.0,2.0
3432681188.0,,,182.9,0.0,,,,,,,,,0.0,,,,,,,0.0,0.0,0.0,3.0,3.0,4.0,0.0
3432680969.0,,,170.2,0.0,,,,,,,,,0.0,,,,,,,0.0,0.0,1.0,0.0,1.0,3.0,7.0
3432679810.0,,,,,,,,,,,,,,,,,,,,,,1.0,3.0,1.0,2.0,4.0
3432676303.0,,,162.6,0.0,,,,,,,,,1.0,,,,,,,0.0,0.0,1.0,0.0,2.0,3.0,3.0
3432674865.0,,,188.0,1.0,,,,,,,,,1.0,,,,,,,0.0,0.0,0.0,2.0,1.0,2.0,4.0
3432674597.0,,,162.6,0.0,,,,,,,,,0.0,,,,,,,0.0,0.0,1.0,2.0,,1.0,4.0
3432673760.0,,,152.4,0.0,,,,,,,,,0.0,,,,,,,0.0,0.0,1.0,1.0,1.0,2.0,6.0
3432671925.0,,,157.5,0.0,,,,,,,,,0.0,,,,,,,1.0,0.0,1.0,1.0,2.0,4.0,1.0
3432671796.0,,,167.6,0.0,,,,,,,,,0.0,,,,,,,0.0,0.0,1.0,2.0,3.0,3.0,2.0
3432669331.0,,,,,,,,,,,,,,,,,,,,,,0.0,2.0,3.0,3.0,1.0
3432663659.0,,,185.4,0.0,,,,,,,,,0.0,,,,,,,0.0,0.0,0.0,0.0,1.0,4.0,7.0
3432662408.0,,,154.9,0.0,,,,,,,,,1.0,,,,,,,0.0,0.0,1.0,1.0,4.0,4.0,6.0
3432659558.0,,,152.4,1.0,,,,,,,,,1.0,,,,,,,0.0,0.0,1.0,2.0,2.0,4.0,3.0
3432657800.0,,,170.2,0.0,,,,,,,,,0.0,,,,,,,0.0,0.0,1.0,2.0,,4.0,4.0
3432657579.0,,,,,,,,,,,,,,,,,,,,,,1.0,2.0,1.0,3.0,0.0
3432657414.0,,,170.2,1.0,,,,,,,,,0.0,,,,,,,0.0,0.0,1.0,0.0,,2.0,5.0
3432656062.0,,,188.0,0.0,,,,,,,,,1.0,,,,,,,0.0,0.0,0.0,0.0,,3.0,2.0
3432654840.0,,,160.0,0.0,,,,,,,,,0.0,,,,,,,0.0,0.0,1.0,2.0,2.0,3.0,8.0
3432654546.0,,,177.8,0.0,,,,,,,,,0.0,,,,,,,0.0,0.0,0.0,2.0,2.0,4.0,0.0
3432653582.0,,,162.6,,,,,,,,,,0.0,,,,,,,0.0,0.0,1.0,3.0,3.0,4.0,6.0
3432653171.0,,,157.5,0.0,,,,,,,,,1.0,,,,,,,0.0,0.0,1.0,0.0,2.0,2.0,1.0
3432651320.0,,,167.6,0.0,,,,,,,,,0.0,,,,,,,0.0,0.0,1.0,0.0,2.0,1.0,7.0
3432647057.0,,,170.2,1.0,,,,,,,,,0.0,,,,,,,0.0,0.0,1.0,2.0,3.0,3.0,2.0
3432646135.0,,,167.6,0.0,,,,,,,,,0.0,,,,,,,0.0,0.0,0.0,0.0,,2.0,4.0
3432645979.0,,,162.6,0.0,,,,,,,,,0.0,,,,,,,1.0,0.0,1.0,0.0,1.0,2.0,4.0
3432644073.0,,,,,,,,,,,,,,,,,,,,,,0.0,2.0,2.0,4.0,5.0
3432642283.0,,,177.8,0.0,,,,,,,,,1.0,,,,,,,0.0,0.0,0.0,2.0,,4.0,4.0
3432641073.0,,,157.5,0.0,,,,,,,,,0.0,,,,,,,0.0,0.0,1.0,2.0,1.0,2.0,6.0
3432640585.0,,,172.7,0.0,,,,,,,,,0.0,,,,,,,0.0,0.0,1.0,0.0,2.0,3.0,0.0
3432638246.0,,,170.2,0.0,,,,,,,,,0.0,,,,,,,0.0,0.0,0.0,2.0,3.0,4.0,3.0
3432637495.0,,,180.3,0.0,,,,,,,,,1.0,,,,,,,0.0,0.0,0.0,3.0,4.0,4.0,4.0
3432636848.0,,,177.8,0.0,,,,,,,,,1.0,,,,,,,0.0,0.0,0.0,3.0,0.0,4.0,2.0
3432636547.0,,,152.4,1.0,,,,,,,,,0.0,,,,,,,0.0,0.0,1.0,3.0,,2.0,4.0
3432635515.0,,,177.8,0.0,,,,,,,,,0.0,,,,,,,0.0,0.0,0.0,3.0,,4.0,0.0
3432634383.0,,,177.8,0.0,,,,,,,,,1.0,,,,,,,0.0,0.0,0.0,0.0,2.0,3.0,0.0
3432632431.0,,,160.0,0.0,,,,,,,,,1.0,,,,,,,0.0,0.0,1.0,1.0,3.0,3.0,0.0
3432630149.0,,,154.9,0.0,,,,,,,,,0.0,,,,,,,0.0,0.0,1.0,2.0,2.0,4.0,7.0
3432628864.0,,,167.6,1.0,,,,,,,,,0.0,,,,,,,1.0,0.0,0.0,1.0,2.0,4.0,8.0
3432628841.0,,,172.7,1.0,,,,,,,,,0.0,,,,,,,0.0,0.0,0.0,1.0,3.0,4.0,7.0
3432627503.0,,,154.9,0.0,,,,,,,,,0.0,,,,,,,0.0,0.0,1.0,3.0,0.0,3.0,1.0
3432625031.0,,,152.4,0.0,,,,,,,,,0.0,,,,,,,0.0,0.0,1.0,0.0,,2.0,0.0
3432622886.0,,,175.3,0.0,,,,,,,,,1.0,,,,,,,0.0,0.0,0.0,3.0,,2.0,0.0
3432621625.0,,,167.6,0.0,,,,,,,,,0.0,,,,,,,0.0,0.0,1.0,2.0,2.0,1.0,0.0
3432621624.0,,,177.8,0.0,,,,,,,,,0.0,,,,,,,0.0,0.0,0.0,3.0,3.0,4.0,7.0
3432619859.0,,,167.6,1.0,,,,,,,,,0.0,,,,,,,0.0,0.0,1.0,1.0,4.0,4.0,3.0
3432618918.0,,,167.6,1.0,,,,,,,,,0.0,,,,,,,0.0,0.0,1.0,2.0,4.0,4.0,7.0
3432618535.0,,,157.5,0.0,,,,,,,,,0.0,,,,,,,0.0,0.0,1.0,0.0,2.0,2.0,1.0
3432617142.0,,,170.2,0.0,,,,,,,,,0.0,,,,,,,0.0,0.0,0.0,2.0,1.0,4.0,3.0
3432614225.0,,,188.0,0.0,,,,,,,,,1.0,,,,,,,0.0,0.0,0.0,0.0,2.0,3.0,8.0
3432612410.0,,,162.6,0.0,,,,,,,,,0.0,,,,,,,0.0,0.0,1.0,3.0,2.0,4.0,4.0
3432612273.0,,,177.8,1.0,,,,,,,,,1.0,,,,,,,0.0,0.0,0.0,3.0,3.0,4.0,0.0
3432612073.0,,,162.6,0.0,,,,,,,,,0.0,,,,,,,0.0,0.0,1.0,0.0,2.0,2.0,6.0
3432604139.0,,,177.8,0.0,,,,,,,,,0.0,,,,,,,0.0,0.0,0.0,3.0,1.0,3.0,1.0
3432603378.0,,,,,,,,,,,,,,,,,,,,,,0.0,2.0,2.0,2.0,0.0
3432601329.0,,,160.0,0.0,,,,,,,,,0.0,,,,,,,0.0,0.0,1.0,0.0,2.0,3.0,4.0
3432601169.0,,,,,,,,,,,,,,,,,,,,,,,,,,
3432597578.0,,,160.0,0.0,,,,,,,,,0.0,,,,,,,0.0,0.0,1.0,2.0,,4.0,2.0
3432597242.0,,,,,,,,,,,,,,,,,,,,,,1.0,0.0,0.0,2.0,4.0
3432596789.0,,,165.1,0.0,,,,,,,,,1.0,,,,,,,1.0,1.0,0.0,1.0,4.0,1.0,2.0
3432596033.0,,,165.1,1.0,,,,,,,,,0.0,,,,,,,0.0,0.0,1.0,3.0,4.0,4.0,5.0
3432595469.0,,,180.3,0.0,,,,,,,,,1.0,,,,,,,1.0,0.0,1.0,0.0,2.0,3.0,8.0
3432595447.0,,,182.9,0.0,,,,,,,,,0.0,,,,,,,0.0,0.0,0.0,3.0,4.0,4.0,8.0
3432594046.0,,,175.3,0.0,,,,,,,,,0.0,,,,,,,0.0,1.0,0.0,2.0,4.0,3.0,4.0
3432593810.0,,,180.3,0.0,,,,,,,,,1.0,,,,,,,0.0,0.0,0.0,2.0,3.0,2.0,4.0
3432593776.0,,,172.7,0.0,,,,,,,,,0.0,,,,,,,1.0,0.0,1.0,0.0,1.0,1.0,1.0
3432592943.0,,,165.1,1.0,,,,,,,,,1.0,,,,,,,0.0,0.0,0.0,2.0,2.0,4.0,7.0
3432591264.0,,,182.9,0.0,,,,,,,,,0.0,,,,,,,0.0,0.0,0.0,0.0,0.0,3.0,0.0
3432591009.0,,,185.4,1.0,,,,,,,,,0.0,,,,,,,0.0,0.0,0.0,1.0,3.0,3.0,7.0
3432590797.0,,,154.9,0.0,,,,,,,,,0.0,,,,,,,0.0,0.0,1.0,0.0,1.0,1.0,6.0
3432586012.0,,,162.6,1.0,,,,,,,,,0.0,,,,,,,0.0,0.0,1.0,1.0,,4.0,6.0
3432585436.0,,,165.1,0.0,,,,,,,,,0.0,,,,,,,0.0,0.0,1.0,0.0,2.0,3.0,3.0
3432583627.0,,,177.8,1.0,,,,,,,,,0.0,,,,,,,1.0,0.0,0.0,2.0,,3.0,2.0
3432583317.0,,,180.3,1.0,,,,,,,,,0.0,,,,,,,1.0,0.0,0.0,1.0,2.0,3.0,3.0
3432582665.0,,,188.0,0.0,,,,,,,,,1.0,,,,,,,0.0,0.0,0.0,2.0,4.0,4.0,6.0
3432578499.0,,,177.8,0.0,,,,,,,,,1.0,,,,,,,0.0,0.0,1.0,2.0,1.0,1.0,8.0
3432577325.0,,,177.8,0.0,,,,,,,,,1.0,,,,,,,0.0,0.0,1.0,2.0,3.0,3.0,8.0
3432576298.0,,,170.2,0.0,,,,,,,,,1.0,,,,,,,0.0,0.0,1.0,2.0,3.0,1.0,1.0
3432575865.0,,,,,,,,,,,,,,,,,,,,,,0.0,0.0,0.0,1.0,4.0
3432573920.0,,,185.4,0.0,,,,,,,,,1.0,,,,,,,0.0,0.0,0.0,3.0,3.0,3.0,4.0
3432572774.0,,,,,,,,,,,,,,,,,,,,,,0.0,2.0,3.0,2.0,4.0
3432570755.0,,,,,,,,,,,,,,,,,,,,,,1.0,1.0,2.0,1.0,6.0
3432570285.0,,,162.6,0.0,,,,,,,,,0.0,,,,,,,0.0,0.0,1.0,0.0,,2.0,4.0
3432570266.0,,,165.1,0.0,,,,,,,,,0.0,,,,,,,0.0,0.0,1.0,0.0,2.0,1.0,4.0
3432569102.0,,,185.4,1.0,,,,,,,,,0.0,,,,,,,0.0,0.0,0.0,1.0,3.0,3.0,6.0
3432561205.0,,,175.3,0.0,,,,,,,,,0.0,,,,,,,0.0,0.0,0.0,0.0,1.0,3.0,1.0
3432559580.0,,,167.6,0.0,,,,,,,,,1.0,,,,,,,1.0,0.0,1.0,0.0,,2.0,1.0
3432558337.0,,,172.7,0.0,,,,,,,,,1.0,,,,,,,0.0,0.0,0.0,0.0,,2.0,3.0
3432555887.0,,,162.6,1.0,,,,,,,,,0.0,,,,,,,0.0,0.0,0.0,2.0,1.0,3.0,1.0
3432554556.0,,,162.6,1.0,,,,,,,,,0.0,,,,,,,1.0,1.0,1.0,2.0,1.0,4.0,6.0
3432552719.0,,,172.7,0.0,,,,,,,,,1.0,,,,,,,0.0,0.0,0.0,3.0,,2.0,0.0
3432551367.0,,,165.1,0.0,,,,,,,,,0.0,,,,,,,0.0,0.0,1.0,0.0,2.0,2.0,4.0
3432550970.0,,,160.0,1.0,,,,,,,,,0.0,,,,,,,1.0,0.0,1.0,1.0,4.0,4.0,3.0
3432550291.0,,,175.3,0.0,,,,,,,,,0.0,,,,,,,0.0,0.0,0.0,1.0,2.0,3.0,1.0
3432546954.0,,,157.5,1.0,,,,,,,,,0.0,,,,,,,0.0,0.0,1.0,1.0,,2.0,0.0
3432543444.0,,,,,,,,,,,,,,,,,,,,,,0.0,1.0,1.0,1.0,6.0
3432538384.0,,,,,,,,,,,,,,,,,,,,,,1.0,0.0,0.0,1.0,1.0
3432537258.0,,,170.2,0.0,,,,,,,,,0.0,,,,,,,1.0,0.0,1.0,0.0,1.0,2.0,7.0
3432533720.0,,,195.6,0.0,,,,,,,,,0.0,,,,,,,0.0,0.0,0.0,0.0,0.0,2.0,2.0
3432529988.0,,,172.7,0.0,,,,,,,,,0.0,,,,,,,0.0,0.0,0.0,0.0,,3.0,1.0
3432529869.0,,,188.0,0.0,,,,,,,,,0.0,,,,,,,0.0,0.0,0.0,3.0,3.0,4.0,0.0
3432528671.0,,,165.1,0.0,,,,,,,,,0.0,,,,,,,0.0,0.0,1.0,3.0,,4.0,4.0
3432527936.0,,,188.0,0.0,,,,,,,,,0.0,,,,,,,0.0,0.0,0.0,2.0,2.0,3.0,1.0
3432527384.0,,,165.1,0.0,,,,,,,,,1.0,,,,,,,0.0,0.0,1.0,0.0,2.0,3.0,0.0
3432526670.0,,,,,,,,,,,,,,,,,,,,,,,,,,
3432526433.0,,,152.4,0.0,,,,,,,,,0.0,,,,,,,0.0,0.0,1.0,0.0,1.0,2.0,4.0
3432525300.0,,,154.9,0.0,,,,,,,,,1.0,,,,,,,0.0,0.0,1.0,1.0,1.0,2.0,3.0
3432521348.0,,,180.3,0.0,,,,,,,,,0.0,,,,,,,1.0,0.0,0.0,0.0,3.0,3.0,1.0
3432520405.0,,,157.5,0.0,,,,,,,,,0.0,,,,,,,0.0,0.0,1.0,2.0,1.0,2.0,4.0
3432520365.0,,,172.7,0.0,,,,,,,,,1.0,,,,,,,0.0,0.0,1.0,0.0,4.0,4.0,6.0
3432519959.0,,,,,,,,,,,,,,,,,,,,,,0.0,3.0,2.0,3.0,1.0
3432516676.0,,,182.9,0.0,,,,,,,,,1.0,,,,,,,0.0,0.0,0.0,2.0,3.0,2.0,8.0
3432513839.0,,,157.5,0.0,,,,,,,,,0.0,,,,,,,0.0,0.0,1.0,0.0,0.0,3.0,7.0
3432511675.0,,,170.2,0.0,,,,,,,,,0.0,,,,,,,0.0,0.0,1.0,1.0,2.0,2.0,8.0
3432510812.0,,,177.8,0.0,,,,,,,,,0.0,,,,,,,0.0,0.0,1.0,1.0,2.0,4.0,4.0
3432510382.0,,,175.3,1.0,,,,,,,,,1.0,,,,,,,0.0,0.0,0.0,2.0,4.0,3.0,1.0
3432506985.0,,,162.6,1.0,,,,,,,,,0.0,,,,,,,0.0,0.0,1.0,1.0,2.0,2.0,5.0
3432506619.0,,,172.7,0.0,,,,,,,,,0.0,,,,,,,1.0,1.0,1.0,1.0,,3.0,0.0
3432503557.0,,,170.2,0.0,,,,,,,,,1.0,,,,,,,0.0,0.0,0.0,1.0,2.0,3.0,6.0
3432499380.0,,,182.9,0.0,,,,,,,,,1.0,,,,,,,0.0,0.0,0.0,2.0,3.0,2.0,4.0
3432496456.0,,,162.6,0.0,,,,,,,,,0.0,,,,,,,0.0,0.0,1.0,3.0,2.0,4.0,1.0
3432491632.0,,,,,,,,,,,,,,,,,,,,,,1.0,2.0,4.0,1.0,7.0
3432491057.0,,,175.3,1.0,,,,,,,,,0.0,,,,,,,0.0,0.0,0.0,2.0,4.0,3.0,0.0
3432490443.0,,,162.6,0.0,,,,,,,,,0.0,,,,,,,0.0,0.0,1.0,2.0,2.0,4.0,8.0
3432490362.0,,,154.9,0.0,,,,,,,,,1.0,,,,,,,1.0,0.0,1.0,1.0,2.0,4.0,4.0
3432489108.0,,,172.7,0.0,,,,,,,,,0.0,,,,,,,0.0,0.0,0.0,0.0,,2.0,3.0
3432487771.0,,,162.6,0.0,,,,,,,,,1.0,,,,,,,0.0,0.0,1.0,1.0,1.0,4.0,0.0
3432486033.0,,,157.5,0.0,,,,,,,,,1.0,,,,,,,0.0,0.0,1.0,1.0,2.0,3.0,4.0
3432485197.0,,,167.6,0.0,,,,,,,,,1.0,,,,,,,1.0,0.0,0.0,3.0,3.0,2.0,2.0
3432482977.0,,,,,,,,,,,,,,,,,,,,,,0.0,2.0,2.0,3.0,3.0
3432482309.0,,,154.9,0.0,,,,,,,,,0.0,,,,,,,0.0,0.0,1.0,0.0,2.0,3.0,4.0
3432482201.0,,,,,,,,,,,,,,,,,,,,,,1.0,0.0,0.0,1.0,2.0
3432477188.0,,,162.6,0.0,,,,,,,,,0.0,,,,,,,0.0,0.0,1.0,3.0,2.0,2.0,4.0
3432476896.0,,,160.0,0.0,,,,,,,,,0.0,,,,,,,0.0,0.0,1.0,3.0,4.0,1.0,4.0
3432476791.0,,,175.3,1.0,,,,,,,,,0.0,,,,,,,0.0,0.0,0.0,2.0,4.0,3.0,2.0
3432476135.0,,,,,,,,,,,,,,,,,,,,,,0.0,0.0,4.0,3.0,1.0
3432475199.0,,,170.2,1.0,,,,,,,,,0.0,,,,,,,0.0,0.0,0.0,1.0,1.0,1.0,7.0
3432473889.0,,,167.6,0.0,,,,,,,,,1.0,,,,,,,0.0,0.0,1.0,3.0,3.0,4.0,0.0
3432471719.0,,,182.9,0.0,,,,,,,,,0.0,,,,,,,1.0,0.0,0.0,2.0,4.0,3.0,8.0
3432470238.0,,,,,,,,,,,,,,,,,,,,,,1.0,0.0,,3.0,7.0
3432468599.0,,,,,,,,,,,,,,,,,,,,,,1.0,0.0,0.0,1.0,6.0
3432463153.0,,,165.1,0.0,,,,,,,,,0.0,,,,,,,1.0,0.0,1.0,0.0,2.0,3.0,4.0
3432463048.0,,,188.0,0.0,,,,,,,,,1.0,,,,,,,0.0,0.0,0.0,2.0,2.0,1.0,1.0
3432462633.0,,,160.0,0.0,,,,,,,,,0.0,,,,,,,1.0,0.0,1.0,3.0,4.0,2.0,8.0
3432460247.0,,,170.2,1.0,,,,,,,,,0.0,,,,,,,0.0,0.0,0.0,2.0,2.0,3.0,1.0
3432455422.0,,,162.6,0.0,,,,,,,,,0.0,,,,,,,0.0,0.0,1.0,3.0,,3.0,7.0
3432454450.0,,,167.6,0.0,,,,,,,,,0.0,,,,,,,0.0,0.0,1.0,2.0,2.0,2.0,0.0
3432450277.0,,,167.6,0.0,,,,,,,,,1.0,,,,,,,0.0,0.0,1.0,2.0,2.0,2.0,1.0
3432448472.0,,,175.3,0.0,,,,,,,,,0.0,,,,,,,0.0,0.0,0.0,2.0,1.0,2.0,3.0
3432446775.0,,,175.3,,,,,,,,,,1.0,,,,,,,0.0,0.0,0.0,0.0,1.0,0.0,8.0
3432444554.0,,,190.5,0.0,,,,,,,,,0.0,,,,,,,1.0,0.0,0.0,0.0,,1.0,4.0
3432444119.0,,,177.8,0.0,,,,,,,,,1.0,,,,,,,0.0,0.0,0.0,3.0,1.0,1.0,8.0
3432443969.0,,,177.8,0.0,,,,,,,,,0.0,,,,,,,1.0,0.0,0.0,0.0,2.0,3.0,0.0
3432443875.0,,,154.9,1.0,,,,,,,,,1.0,,,,,,,0.0,0.0,1.0,2.0,2.0,2.0,0.0
3432441808.0,,,180.3,1.0,,,,,,,,,1.0,,,,,,,0.0,0.0,0.0,2.0,4.0,4.0,4.0
3432441362.0,,,167.6,0.0,,,,,,,,,1.0,,,,,,,0.0,0.0,0.0,2.0,4.0,2.0,3.0
3432440815.0,,,,,,,,,,,,,,,,,,,,,,0.0,2.0,,4.0,6.0
3432438427.0,,,,,,,,,,,,,,,,,,,,,,1.0,2.0,,1.0,6.0
3432436500.0,,,170.2,1.0,,,,,,,,,0.0,,,,,,,0.0,0.0,1.0,2.0,1.0,2.0,4.0
3432436102.0,,,172.7,0.0,,,,,,,,,0.0,,,,,,,0.0,0.0,0.0,1.0,1.0,3.0,2.0
3432434565.0,,,182.9,0.0,,,,,,,,,1.0,,,,,,,0.0,0.0,0.0,3.0,1.0,3.0,4.0
3432434015.0,,,175.3,1.0,,,,,,,,,0.0,,,,,,,0.0,0.0,0.0,3.0,,4.0,3.0
3432433897.0,,,177.8,1.0,,,,,,,,,1.0,,,,,,,0.0,0.0,0.0,0.0,1.0,3.0,1.0
3432433704.0,,,175.3,0.0,,,,,,,,,0.0,,,,,,,0.0,0.0,0.0,2.0,4.0,4.0,6.0
3432428730.0,,,167.6,0.0,,,,,,,,,0.0,,,,,,,0.0,0.0,0.0,0.0,,0.0,0.0
3432428536.0,,,167.6,0.0,,,,,,,,,0.0,,,,,,,0.0,0.0,1.0,0.0,,1.0,6.0
3432426212.0,,,172.7,0.0,,,,,,,,,0.0,,,,,,,0.0,0.0,1.0,0.0,2.0,3.0,6.0
3432425938.0,,,165.1,1.0,,,,,,,,,0.0,,,,,,,1.0,0.0,1.0,1.0,2.0,1.0,2.0
3432425094.0,,,167.6,1.0,,,,,,,,,1.0,,,,,,,0.0,0.0,1.0,2.0,,4.0,6.0
3432424807.0,,,165.1,1.0,,,,,,,,,0.0,,,,,,,0.0,0.0,1.0,1.0,2.0,3.0,8.0
3432420200.0,,,172.7,0.0,,,,,,,,,0.0,,,,,,,0.0,0.0,0.0,2.0,2.0,3.0,2.0
3432419815.0,,,165.1,1.0,,,,,,,,,0.0,,,,,,,0.0,0.0,1.0,1.0,3.0,3.0,5.0
3432419670.0,,,165.1,0.0,,,,,,,,,0.0,,,,,,,0.0,0.0,1.0,0.0,3.0,3.0,2.0
3432419184.0,,,,,,,,,,,,,,,,,,,,,,0.0,0.0,1.0,2.0,0.0
3432418650.0,,,172.7,0.0,,,,,,,,,0.0,,,,,,,0.0,0.0,1.0,3.0,,3.0,8.0
3432418495.0,,,175.3,0.0,,,,,,,,,0.0,,,,,,,0.0,0.0,0.0,1.0,,3.0,1.0
3432417788.0,,,182.9,0.0,,,,,,,,,0.0,,,,,,,0.0,0.0,0.0,3.0,,4.0,6.0
3432414918.0,,,162.6,0.0,,,,,,,,,0.0,,,,,,,0.0,0.0,1.0,3.0,3.0,4.0,7.0
3432413860.0,,,165.1,0.0,,,,,,,,,0.0,,,,,,,1.0,0.0,1.0,0.0,3.0,2.0,0.0
3432413457.0,,,175.3,0.0,,,,,,,,,0.0,,,,,,,1.0,0.0,0.0,1.0,,4.0,4.0
3432409146.0,,,172.7,0.0,,,,,,,,,1.0,,,,,,,0.0,0.0,0.0,2.0,4.0,4.0,7.0
3432409101.0,,,180.3,0.0,,,,,,,,,1.0,,,,,,,0.0,0.0,0.0,3.0,2.0,2.0,1.0
3432404026.0,,,188.0,0.0,,,,,,,,,0.0,,,,,,,0.0,0.0,0.0,0.0,,2.0,8.0
3432401832.0,,,,,,,,,,,,,,,,,,,,,,1.0,2.0,,2.0,1.0
3432400140.0,,,162.6,0.0,,,,,,,,,0.0,,,,,,,0.0,0.0,1.0,0.0,2.0,4.0,6.0
3432398627.0,,,152.4,0.0,,,,,,,,,0.0,,,,,,,0.0,0.0,1.0,3.0,,4.0,7.0
3432398240.0,,,182.9,0.0,,,,,,,,,0.0,,,,,,,0.0,0.0,0.0,0.0,2.0,3.0,6.0
3432397267.0,,,,,,,,,,,,,,,,,,,,,,1.0,2.0,,4.0,0.0
3432396716.0,,,160.0,0.0,,,,,,,,,0.0,,,,,,,0.0,0.0,1.0,0.0,3.0,2.0,4.0
3432391980.0,,,170.2,0.0,,,,,,,,,1.0,,,,,,,0.0,0.0,1.0,0.0,2.0,4.0,2.0
3432391522.0,,,172.7,0.0,,,,,,,,,0.0,,,,,,,0.0,0.0,1.0,2.0,4.0,4.0,1.0
3432390537.0,,,,,,,,,,,,,,,,,,,,,,1.0,2.0,,4.0,8.0
3432389747.0,,,165.1,1.0,,,,,,,,,0.0,,,,,,,0.0,0.0,1.0,1.0,1.0,1.0,4.0
3432388806.0,,,152.4,0.0,,,,,,,,,0.0,,,,,,,0.0,0.0,1.0,1.0,,2.0,7.0
3432388180.0,,,193.0,1.0,,,,,,,,,1.0,,,,,,,0.0,0.0,0.0,2.0,3.0,2.0,4.0
3432384865.0,,,165.1,0.0,,,,,,,,,0.0,,,,,,,1.0,0.0,1.0,3.0,,0.0,7.0
3432384438.0,,,170.2,0.0,,,,,,,,,0.0,,,,,,,1.0,0.0,1.0,0.0,2.0,3.0,4.0
3432384307.0,,,185.4,0.0,,,,,,,,,0.0,,,,,,,0.0,0.0,0.0,2.0,3.0,3.0,7.0
3432382629.0,,,182.9,0.0,,,,,,,,,1.0,,,,,,,0.0,0.0,0.0,2.0,3.0,4.0,6.0
3432382358.0,,,,,,,,,,,,,,,,,,,,,,1.0,0.0,1.0,2.0,5.0
3432380943.0,,,165.1,0.0,,,,,,,,,0.0,,,,,,,0.0,0.0,1.0,0.0,4.0,1.0,2.0
3432377141.0,,,172.7,1.0,,,,,,,,,0.0,,,,,,,1.0,0.0,0.0,1.0,4.0,3.0,1.0
3432372897.0,,,162.6,1.0,,,,,,,,,1.0,,,,,,,0.0,0.0,1.0,2.0,0.0,1.0,1.0
3432370067.0,,,,,,,,,,,,,,,,,,,,,,1.0,2.0,2.0,3.0,4.0
3432367174.0,,,165.1,0.0,,,,,,,,,0.0,,,,,,,1.0,0.0,1.0,2.0,2.0,3.0,4.0
3432366661.0,,,182.9,0.0,,,,,,,,,0.0,,,,,,,1.0,0.0,0.0,0.0,2.0,3.0,1.0
3432363206.0,,,165.1,0.0,,,,,,,,,1.0,,,,,,,0.0,0.0,1.0,1.0,2.0,4.0,1.0
3432361375.0,,,,,,,,,,,,,,,,,,,,,,1.0,2.0,,2.0,4.0
3432361003.0,,,177.8,0.0,,,,,,,,,0.0,,,,,,,0.0,0.0,0.0,3.0,3.0,3.0,6.0
3432359089.0,,,167.6,0.0,,,,,,,,,1.0,,,,,,,0.0,0.0,0.0,0.0,2.0,4.0,8.0
3432358454.0,,,177.8,0.0,,,,,,,,,0.0,,,,,,,0.0,0.0,0.0,2.0,3.0,3.0,4.0
3432348742.0,,,,,,,,,,,,,,,,,,,,,,1.0,0.0,2.0,2.0,4.0
3432343914.0,,,190.5,0.0,,,,,,,,,1.0,,,,,,,0.0,0.0,0.0,3.0,3.0,3.0,8.0
3432343720.0,,,175.3,0.0,,,,,,,,,1.0,,,,,,,0.0,0.0,0.0,3.0,1.0,2.0,5.0
3432341473.0,,,167.6,1.0,,,,,,,,,0.0,,,,,,,0.0,0.0,1.0,1.0,,3.0,1.0
3432341455.0,,,162.6,0.0,,,,,,,,,1.0,,,,,,,0.0,0.0,1.0,3.0,3.0,3.0,6.0
3432341030.0,,,,,,,,,,,,,,,,,,,,,,,,,,
3432335270.0,,,177.8,0.0,,,,,,,,,0.0,,,,,,,0.0,0.0,0.0,0.0,1.0,3.0,7.0
3432333484.0,,,193.0,0.0,,,,,,,,,1.0,,,,,,,0.0,0.0,0.0,0.0,1.0,2.0,1.0
3432333274.0,,,172.7,0.0,,,,,,,,,0.0,,,,,,,0.0,0.0,1.0,3.0,3.0,4.0,8.0
3432332848.0,,,190.5,0.0,,,,,,,,,0.0,,,,,,,0.0,0.0,0.0,3.0,,2.0,4.0
3432332409.0,,,157.5,0.0,,,,,,,,,0.0,,,,,,,0.0,0.0,1.0,3.0,2.0,3.0,4.0
3432331776.0,,,152.4,0.0,,,,,,,,,1.0,,,,,,,0.0,0.0,1.0,3.0,4.0,4.0,6.0
3432329841.0,,,152.4,0.0,,,,,,,,,0.0,,,,,,,0.0,0.0,1.0,1.0,2.0,4.0,1.0
3432327041.0,,,152.4,0.0,,,,,,,,,0.0,,,,,,,0.0,0.0,1.0,1.0,2.0,3.0,2.0
3432325983.0,,,,,,,,,,,,,,,,,,,,,,1.0,1.0,0.0,1.0,4.0
3432324589.0,,,,,,,,,,,,,,,,,,,,,,1.0,0.0,,0.0,1.0
3432321128.0,,,175.3,0.0,,,,,,,,,1.0,,,,,,,0.0,0.0,0.0,1.0,,2.0,4.0
3432320859.0,,,160.0,1.0,,,,,,,,,0.0,,,,,,,0.0,0.0,1.0,1.0,,3.0,7.0
3432316933.0,,,167.6,1.0,,,,,,,,,1.0,,,,,,,0.0,0.0,1.0,1.0,2.0,3.0,7.0
3432315866.0,,,,,,,,,,,,,,,,,,,,,,1.0,0.0,2.0,3.0,6.0
3432313795.0,,,157.5,0.0,,,,,,,,,1.0,,,,,,,0.0,0.0,1.0,0.0,0.0,3.0,4.0
3432312743.0,,,157.5,0.0,,,,,,,,,0.0,,,,,,,0.0,0.0,1.0,3.0,1.0,3.0,4.0
3432311036.0,,,157.5,0.0,,,,,,,,,1.0,,,,,,,0.0,0.0,1.0,3.0,2.0,4.0,6.0
3432311009.0,,,170.2,1.0,,,,,,,,,0.0,,,,,,,0.0,0.0,0.0,2.0,4.0,3.0,6.0
3432310432.0,,,167.6,1.0,,,,,,,,,0.0,,,,,,,0.0,0.0,1.0,2.0,,4.0,7.0
3432309841.0,,,162.6,0.0,,,,,,,,,1.0,,,,,,,0.0,0.0,1.0,2.0,2.0,3.0,4.0
3432308015.0,,,,,,,,,,,,,,,,,,,,,,0.0,0.0,0.0,3.0,7.0
3432304276.0,,,177.8,0.0,,,,,,,,,1.0,,,,,,,1.0,0.0,1.0,0.0,0.0,3.0,3.0
3432302232.0,,,165.1,0.0,,,,,,,,,1.0,,,,,,,0.0,0.0,1.0,0.0,1.0,2.0,7.0
3432302009.0,,,190.5,0.0,,,,,,,,,1.0,,,,,,,0.0,0.0,0.0,2.0,4.0,3.0,8.0
3432300719.0,,,167.6,0.0,,,,,,,,,0.0,,,,,,,0.0,0.0,1.0,0.0,2.0,2.0,1.0
3432300680.0,,,165.1,1.0,,,,,,,,,0.0,,,,,,,0.0,0.0,1.0,2.0,2.0,1.0,4.0
3432299458.0,,,167.6,1.0,,,,,,,,,0.0,,,,,,,0.0,0.0,1.0,1.0,1.0,2.0,2.0
3432298945.0,,,160.0,0.0,,,,,,,,,0.0,,,,,,,0.0,0.0,1.0,0.0,,3.0,6.0
3432298537.0,,,167.6,0.0,,,,,,,,,0.0,,,,,,,1.0,0.0,0.0,2.0,3.0,2.0,4.0
3432294376.0,,,185.4,0.0,,,,,,,,,0.0,,,,,,,0.0,0.0,0.0,3.0,1.0,2.0,1.0
3432293549.0,,,165.1,0.0,,,,,,,,,1.0,,,,,,,0.0,0.0,0.0,2.0,2.0,2.0,6.0
3432293441.0,,,162.6,0.0,,,,,,,,,0.0,,,,,,,0.0,0.0,1.0,3.0,1.0,4.0,7.0
3432290352.0,,,172.7,0.0,,,,,,,,,0.0,,,,,,,0.0,0.0,0.0,2.0,3.0,3.0,0.0
3432290120.0,,,177.8,0.0,,,,,,,,,0.0,,,,,,,0.0,0.0,1.0,0.0,3.0,1.0,4.0
3432289618.0,,,,,,,,,,,,,,,,,,,,,,1.0,2.0,1.0,1.0,4.0
3432288635.0,,,177.8,0.0,,,,,,,,,0.0,,,,,,,1.0,0.0,0.0,1.0,1.0,3.0,6.0
3432287277.0,,,167.6,1.0,,,,,,,,,0.0,,,,,,,0.0,0.0,1.0,2.0,1.0,1.0,1.0
3432285323.0,,,160.0,0.0,,,,,,,,,1.0,,,,,,,1.0,0.0,0.0,0.0,2.0,3.0,2.0
3432284769.0,,,170.2,0.0,,,,,,,,,1.0,,,,,,,0.0,0.0,1.0,0.0,1.0,3.0,1.0
3432284587.0,,,193.0,0.0,,,,,,,,,1.0,,,,,,,1.0,1.0,0.0,0.0,1.0,3.0,6.0
3432283462.0,,,,,,,,,,,,,,,,,,,,,,1.0,1.0,1.0,3.0,7.0
3432281180.0,,,170.2,1.0,,,,,,,,,0.0,,,,,,,0.0,0.0,0.0,1.0,2.0,3.0,4.0
3432279494.0,,,162.6,1.0,,,,,,,,,0.0,,,,,,,0.0,0.0,1.0,1.0,,4.0,1.0
3432275513.0,,,175.3,0.0,,,,,,,,,0.0,,,,,,,1.0,0.0,1.0,0.0,1.0,3.0,4.0
3432275100.0,,,182.9,1.0,,,,,,,,,1.0,,,,,,,0.0,0.0,0.0,1.0,3.0,3.0,8.0
3432270754.0,,,185.4,0.0,,,,,,,,,1.0,,,,,,,0.0,0.0,1.0,3.0,3.0,4.0,4.0
3432269705.0,,,167.6,1.0,,,,,,,,,0.0,,,,,,,0.0,0.0,0.0,1.0,4.0,4.0,0.0
3432269407.0,,,,,,,,,,,,,,,,,,,,,,0.0,0.0,,1.0,3.0
3432268300.0,,,172.7,1.0,,,,,,,,,0.0,,,,,,,0.0,0.0,1.0,2.0,3.0,2.0,2.0
3432266480.0,,,165.1,1.0,,,,,,,,,0.0,,,,,,,0.0,0.0,0.0,1.0,3.0,3.0,6.0
3432266376.0,,,170.2,0.0,,,,,,,,,1.0,,,,,,,0.0,0.0,1.0,3.0,,4.0,8.0
3432265208.0,,,177.8,0.0,,,,,,,,,1.0,,,,,,,1.0,0.0,0.0,1.0,1.0,2.0,8.0
3432264778.0,,,182.9,0.0,,,,,,,,,0.0,,,,,,,0.0,0.0,0.0,3.0,,4.0,6.0
3432264655.0,,,160.0,0.0,,,,,,,,,0.0,,,,,,,0.0,0.0,1.0,2.0,1.0,3.0,6.0
3432257707.0,,,157.5,0.0,,,,,,,,,0.0,,,,,,,0.0,0.0,1.0,3.0,,2.0,2.0
3432257634.0,,,,,,,,,,,,,,,,,,,,,,0.0,3.0,0.0,2.0,5.0
3432252295.0,,,175.3,0.0,,,,,,,,,0.0,,,,,,,0.0,0.0,0.0,2.0,4.0,3.0,6.0
3432250494.0,,,160.0,0.0,,,,,,,,,0.0,,,,,,,0.0,0.0,1.0,0.0,2.0,3.0,6.0
3432248891.0,,,,,,,,,,,,,,,,,,,,,,1.0,2.0,,4.0,6.0
3432248497.0,,,175.3,1.0,,,,,,,,,1.0,,,,,,,0.0,0.0,0.0,2.0,3.0,3.0,1.0
3432246483.0,,,157.5,0.0,,,,,,,,,0.0,,,,,,,1.0,0.0,1.0,1.0,4.0,3.0,6.0
3432245461.0,,,157.5,0.0,,,,,,,,,0.0,,,,,,,0.0,0.0,1.0,2.0,,2.0,4.0
3432242535.0,,,165.1,0.0,,,,,,,,,1.0,,,,,,,0.0,0.0,1.0,0.0,3.0,3.0,1.0
3432235696.0,,,,,,,,,,,,,,,,,,,,,,0.0,2.0,2.0,3.0,6.0
3432234750.0,,,185.4,0.0,,,,,,,,,0.0,,,,,,,0.0,0.0,0.0,1.0,1.0,4.0,5.0
3432234640.0,,,,,,,,,,,,,,,,,,,,,,1.0,1.0,,3.0,6.0
3432233039.0,,,190.5,1.0,,,,,,,,,0.0,,,,,,,0.0,0.0,0.0,1.0,4.0,3.0,1.0
3432231680.0,,,170.2,0.0,,,,,,,,,1.0,,,,,,,0.0,0.0,1.0,0.0,0.0,3.0,5.0
3432231525.0,,,162.6,1.0,,,,,,,,,0.0,,,,,,,0.0,0.0,1.0,2.0,3.0,4.0,4.0
3432231010.0,,,170.2,0.0,,,,,,,,,0.0,,,,,,,0.0,0.0,1.0,1.0,2.0,2.0,3.0
3432230286.0,,,,,,,,,,,,,,,,,,,,,,1.0,0.0,,2.0,6.0
3432229570.0,,,172.7,0.0,,,,,,,,,1.0,,,,,,,0.0,0.0,0.0,3.0,2.0,4.0,4.0
3432225948.0,,,157.5,1.0,,,,,,,,,0.0,,,,,,,0.0,0.0,1.0,2.0,,3.0,6.0
3432224529.0,,,165.1,0.0,,,,,,,,,0.0,,,,,,,0.0,0.0,1.0,3.0,1.0,1.0,6.0
3432224244.0,,,172.7,1.0,,,,,,,,,0.0,,,,,,,0.0,0.0,1.0,2.0,4.0,4.0,4.0
3432218963.0,,,160.0,0.0,,,,,,,,,1.0,,,,,,,0.0,0.0,1.0,3.0,,4.0,1.0
3432216980.0,,,,,,,,,,,,,,,,,,,,,,,,,,
3432216979.0,,,167.6,0.0,,,,,,,,,1.0,,,,,,,0.0,0.0,1.0,3.0,3.0,4.0,0.0
3432214956.0,,,160.0,0.0,,,,,,,,,1.0,,,,,,,0.0,0.0,1.0,3.0,2.0,2.0,5.0
3432211812.0,,,170.2,1.0,,,,,,,,,0.0,,,,,,,0.0,0.0,0.0,0.0,,3.0,4.0
3432210766.0,,,157.5,0.0,,,,,,,,,0.0,,,,,,,0.0,0.0,1.0,2.0,0.0,2.0,
3432207463.0,,,188.0,0.0,,,,,,,,,0.0,,,,,,,1.0,0.0,0.0,2.0,4.0,4.0,1.0
3432207045.0,,,175.3,0.0,,,,,,,,,0.0,,,,,,,1.0,0.0,1.0,0.0,2.0,3.0,6.0
3432206254.0,,,172.7,1.0,,,,,,,,,1.0,,,,,,,0.0,0.0,1.0,2.0,2.0,4.0,1.0
3432204296.0,,,180.3,1.0,,,,,,,,,0.0,,,,,,,0.0,0.0,0.0,1.0,2.0,2.0,1.0
3432201943.0,,,177.8,1.0,,,,,,,,,0.0,,,,,,,0.0,0.0,0.0,1.0,1.0,3.0,5.0
3432201007.0,,,182.9,0.0,,,,,,,,,0.0,,,,,,,0.0,0.0,0.0,3.0,2.0,4.0,2.0
3432200655.0,,,162.6,0.0,,,,,,,,,0.0,,,,,,,0.0,0.0,1.0,3.0,,2.0,4.0
3432198356.0,,,182.9,0.0,,,,,,,,,0.0,,,,,,,0.0,0.0,0.0,3.0,2.0,2.0,8.0
3432198063.0,,,165.1,0.0,,,,,,,,,1.0,,,,,,,0.0,0.0,1.0,3.0,2.0,4.0,4.0
3432193153.0,,,162.6,0.0,,,,,,,,,1.0,,,,,,,0.0,0.0,1.0,3.0,3.0,2.0,0.0
3432189783.0,,,172.7,0.0,,,,,,,,,1.0,,,,,,,0.0,0.0,1.0,2.0,3.0,2.0,2.0
3432186436.0,,,177.8,1.0,,,,,,,,,0.0,,,,,,,0.0,0.0,0.0,2.0,2.0,2.0,6.0
3432183076.0,,,157.5,0.0,,,,,,,,,1.0,,,,,,,1.0,0.0,1.0,3.0,3.0,3.0,3.0
3432182699.0,,,157.5,0.0,,,,,,,,,1.0,,,,,,,0.0,0.0,1.0,0.0,3.0,2.0,4.0
3432182171.0,,,167.6,0.0,,,,,,,,,1.0,,,,,,,1.0,0.0,1.0,0.0,,2.0,6.0
3432178805.0,,,,,,,,,,,,,,,,,,,,,,1.0,3.0,2.0,4.0,6.0
3432173421.0,,,172.7,0.0,,,,,,,,,0.0,,,,,,,0.0,0.0,0.0,2.0,1.0,1.0,1.0
3432173072.0,,,162.6,0.0,,,,,,,,,1.0,,,,,,,0.0,0.0,1.0,3.0,1.0,2.0,6.0
3432171106.0,,,167.6,0.0,,,,,,,,,0.0,,,,,,,0.0,0.0,0.0,2.0,3.0,4.0,4.0
3432169273.0,,,182.9,1.0,,,,,,,,,0.0,,,,,,,0.0,0.0,0.0,2.0,2.0,2.0,6.0
3432169093.0,,,,,,,,,,,,,,,,,,,,,,1.0,3.0,,3.0,5.0
3432167201.0,,,175.3,0.0,,,,,,,,,0.0,,,,,,,0.0,0.0,0.0,1.0,2.0,4.0,0.0
3432163496.0,,,175.3,1.0,,,,,,,,,0.0,,,,,,,0.0,0.0,1.0,1.0,2.0,2.0,8.0
3432160108.0,,,165.1,0.0,,,,,,,,,0.0,,,,,,,0.0,0.0,1.0,2.0,,2.0,8.0
3432157976.0,,,180.3,0.0,,,,,,,,,1.0,,,,,,,0.0,0.0,0.0,2.0,3.0,3.0,6.0
3432152520.0,,,175.3,0.0,,,,,,,,,0.0,,,,,,,0.0,0.0,0.0,1.0,,1.0,8.0
3432152404.0,,,,,,,,,,,,,,,,,,,,,,1.0,3.0,2.0,2.0,4.0
3432148736.0,,,190.5,0.0,,,,,,,,,0.0,,,,,,,0.0,0.0,0.0,2.0,3.0,4.0,7.0
3432147692.0,,,182.9,0.0,,,,,,,,,0.0,,,,,,,0.0,0.0,0.0,2.0,4.0,4.0,0.0
3432144332.0,,,165.1,1.0,,,,,,,,,0.0,,,,,,,0.0,0.0,1.0,2.0,,3.0,1.0
3432144315.0,,,162.6,1.0,,,,,,,,,1.0,,,,,,,0.0,0.0,1.0,2.0,1.0,1.0,1.0
3432142382.0,,,167.6,0.0,,,,,,,,,0.0,,,,,,,0.0,0.0,0.0,1.0,2.0,3.0,8.0
3432141356.0,,,172.7,0.0,,,,,,,,,1.0,,,,,,,1.0,0.0,0.0,2.0,1.0,4.0,4.0
3432137466.0,,,172.7,,,,,,,,,,,,,,,,,,,,,,,
3432133469.0,,,154.9,0.0,,,,,,,,,0.0,,,,,,,0.0,0.0,1.0,2.0,4.0,4.0,1.0
3432131854.0,,,167.6,0.0,,,,,,,,,0.0,,,,,,,0.0,0.0,1.0,1.0,1.0,3.0,4.0
3432130915.0,,,170.2,0.0,,,,,,,,,1.0,,,,,,,0.0,0.0,1.0,3.0,2.0,4.0,4.0
3432121736.0,,,172.7,0.0,,,,,,,,,0.0,,,,,,,0.0,0.0,1.0,0.0,3.0,3.0,4.0
3432120794.0,,,175.3,0.0,,,,,,,,,1.0,,,,,,,0.0,0.0,0.0,3.0,3.0,2.0,4.0
3432120431.0,,,162.6,0.0,,,,,,,,,0.0,,,,,,,0.0,0.0,1.0,2.0,2.0,4.0,6.0
3432120329.0,,,152.4,1.0,,,,,,,,,0.0,,,,,,,0.0,0.0,1.0,2.0,2.0,2.0,2.0
3432118621.0,,,182.9,1.0,,,,,,,,,0.0,,,,,,,0.0,0.0,0.0,2.0,2.0,3.0,1.0
3432118237.0,,,170.2,0.0,,,,,,,,,0.0,,,,,,,0.0,0.0,1.0,2.0,,3.0,2.0
3432116227.0,,,172.7,1.0,,,,,,,,,1.0,,,,,,,0.0,0.0,1.0,1.0,,3.0,1.0
3432115440.0,,,162.6,1.0,,,,,,,,,0.0,,,,,,,0.0,0.0,1.0,1.0,,3.0,1.0
3432112874.0,,,160.0,0.0,,,,,,,,,0.0,,,,,,,0.0,0.0,1.0,0.0,4.0,3.0,2.0
3432112271.0,,,188.0,0.0,,,,,,,,,0.0,,,,,,,1.0,0.0,0.0,2.0,3.0,2.0,6.0
3432109525.0,,,172.7,0.0,,,,,,,,,0.0,,,,,,,0.0,0.0,1.0,2.0,3.0,2.0,2.0
3432108702.0,,,177.8,1.0,,,,,,,,,0.0,,,,,,,1.0,0.0,0.0,2.0,3.0,3.0,1.0
3432107773.0,,,162.6,1.0,,,,,,,,,1.0,,,,,,,0.0,0.0,1.0,1.0,2.0,4.0,7.0
3432102440.0,,,162.6,0.0,,,,,,,,,1.0,,,,,,,1.0,0.0,1.0,0.0,,3.0,4.0
3432101827.0,,,,,,,,,,,,,,,,,,,,,,1.0,1.0,1.0,1.0,2.0
3432099779.0,,,,,,,,,,,,,,,,,,,,,,0.0,1.0,,2.0,5.0
3432095255.0,,,170.2,0.0,,,,,,,,,1.0,,,,,,,0.0,0.0,0.0,2.0,2.0,2.0,6.0
3432094936.0,,,157.5,0.0,,,,,,,,,1.0,,,,,,,0.0,0.0,1.0,3.0,,3.0,2.0
3432093428.0,,,182.9,0.0,,,,,,,,,0.0,,,,,,,1.0,0.0,0.0,0.0,0.0,2.0,3.0
3432092158.0,,,177.8,1.0,,,,,,,,,0.0,,,,,,,0.0,0.0,0.0,1.0,3.0,4.0,2.0
3432086587.0,,,157.5,1.0,,,,,,,,,1.0,,,,,,,0.0,0.0,1.0,0.0,2.0,3.0,1.0
3432079098.0,,,180.3,0.0,,,,,,,,,0.0,,,,,,,0.0,0.0,0.0,2.0,4.0,4.0,1.0
3432077793.0,,,188.0,0.0,,,,,,,,,0.0,,,,,,,0.0,0.0,1.0,0.0,3.0,4.0,0.0
3432076946.0,,,152.4,0.0,,,,,,,,,1.0,,,,,,,0.0,0.0,1.0,0.0,2.0,1.0,6.0
3432076181.0,,,175.3,0.0,,,,,,,,,0.0,,,,,,,1.0,0.0,1.0,0.0,2.0,2.0,2.0
3432074152.0,,,157.5,0.0,,,,,,,,,0.0,,,,,,,0.0,0.0,1.0,0.0,2.0,4.0,6.0
3432067639.0,,,177.8,0.0,,,,,,,,,1.0,,,,,,,0.0,0.0,0.0,1.0,3.0,3.0,4.0
3432063041.0,,,160.0,0.0,,,,,,,,,0.0,,,,,,,0.0,0.0,0.0,3.0,2.0,4.0,1.0
3432062843.0,,,167.6,0.0,,,,,,,,,0.0,,,,,,,0.0,0.0,1.0,2.0,2.0,2.0,8.0
3432059918.0,,,,,,,,,,,,,,,,,,,,,,0.0,2.0,3.0,2.0,1.0
3432055722.0,,,188.0,0.0,,,,,,,,,1.0,,,,,,,0.0,0.0,0.0,3.0,,3.0,6.0
3432050868.0,,,157.5,0.0,,,,,,,,,0.0,,,,,,,0.0,0.0,1.0,3.0,1.0,2.0,3.0
3432049127.0,,,,,,,,,,,,,,,,,,,,,,1.0,0.0,1.0,2.0,4.0
3432045984.0,,,175.3,0.0,,,,,,,,,0.0,,,,,,,0.0,0.0,0.0,0.0,1.0,4.0,0.0
3432042471.0,,,162.6,,,,,,,,,,1.0,,,,,,,0.0,0.0,1.0,1.0,0.0,2.0,4.0
3432042001.0,,,167.6,0.0,,,,,,,,,0.0,,,,,,,1.0,0.0,1.0,0.0,2.0,1.0,3.0
3432026203.0,,,182.9,1.0,,,,,,,,,0.0,,,,,,,1.0,0.0,0.0,1.0,2.0,3.0,8.0
3432019714.0,,,165.1,0.0,,,,,,,,,0.0,,,,,,,0.0,0.0,1.0,2.0,1.0,1.0,5.0
3432002937.0,,,,,,,,,,,,,,,,,,,,,,0.0,2.0,4.0,4.0,4.0
3432000900.0,,,162.6,0.0,,,,,,,,,0.0,,,,,,,1.0,0.0,1.0,0.0,,2.0,0.0
3431998894.0,,,170.2,0.0,,,,,,,,,0.0,,,,,,,0.0,0.0,0.0,3.0,,4.0,1.0
3431991453.0,,,,,,,,,,,,,,,,,,,,,,1.0,0.0,,1.0,1.0
3431987978.0,,,162.6,1.0,,,,,,,,,1.0,,,,,,,0.0,0.0,1.0,0.0,1.0,2.0,0.0
3431985765.0,,,170.2,0.0,,,,,,,,,0.0,,,,,,,0.0,0.0,1.0,0.0,2.0,1.0,0.0
3431975254.0,,,162.6,0.0,,,,,,,,,0.0,,,,,,,0.0,0.0,1.0,3.0,2.0,4.0,1.0
3431974147.0,,,154.9,1.0,,,,,,,,,0.0,,,,,,,0.0,0.0,1.0,1.0,2.0,2.0,0.0
3431971431.0,,,157.5,0.0,,,,,,,,,0.0,,,,,,,0.0,0.0,0.0,0.0,2.0,3.0,8.0
3431953153.0,,,182.9,1.0,,,,,,,,,0.0,,,,,,,0.0,0.0,1.0,2.0,2.0,2.0,8.0
3431951668.0,,,167.6,0.0,,,,,,,,,0.0,,,,,,,1.0,0.0,1.0,0.0,4.0,3.0,0.0
3431949818.0,,,172.7,0.0,,,,,,,,,0.0,,,,,,,0.0,0.0,1.0,1.0,4.0,4.0,0.0
3431936484.0,,,185.4,0.0,,,,,,,,,0.0,,,,,,,1.0,0.0,0.0,1.0,2.0,3.0,2.0
3431936351.0,,,162.6,0.0,,,,,,,,,1.0,,,,,,,0.0,0.0,1.0,1.0,2.0,2.0,0.0
3431932411.0,,,172.7,0.0,,,,,,,,,0.0,,,,,,,0.0,0.0,1.0,1.0,3.0,4.0,4.0
3431921466.0,,,162.6,1.0,,,,,,,,,0.0,,,,,,,0.0,0.0,0.0,1.0,0.0,2.0,2.0
3431912532.0,,,177.8,0.0,,,,,,,,,1.0,,,,,,,0.0,0.0,0.0,2.0,3.0,4.0,3.0
3431907216.0,,,180.3,0.0,,,,,,,,,1.0,,,,,,,1.0,0.0,0.0,2.0,4.0,4.0,0.0
3431906335.0,,,,,,,,,,,,,,,,,,,,,,1.0,0.0,2.0,3.0,7.0
3431904312.0,,,,,,,,,,,,,,,,,,,,,,1.0,3.0,,2.0,2.0
3431897367.0,,,172.7,0.0,,,,,,,,,1.0,,,,,,,0.0,0.0,0.0,3.0,2.0,4.0,6.0
3431896498.0,,,165.1,0.0,,,,,,,,,0.0,,,,,,,0.0,0.0,1.0,0.0,1.0,2.0,0.0
3431895941.0,,,175.3,1.0,,,,,,,,,1.0,,,,,,,0.0,0.0,0.0,2.0,1.0,2.0,0.0
3431894372.0,,,172.7,1.0,,,,,,,,,0.0,,,,,,,0.0,0.0,0.0,0.0,4.0,3.0,6.0
3431893642.0,,,172.7,1.0,,,,,,,,,0.0,,,,,,,0.0,0.0,0.0,1.0,4.0,2.0,0.0
3431888945.0,,,175.3,0.0,,,,,,,,,1.0,,,,,,,0.0,0.0,1.0,0.0,0.0,3.0,3.0
3431888682.0,,,,,,,,,,,,,,,,,,,,,,1.0,1.0,1.0,1.0,8.0
3431885678.0,,,167.6,0.0,,,,,,,,,1.0,,,,,,,0.0,0.0,1.0,0.0,0.0,3.0,1.0
3431885172.0,,,,,,,,,,,,,,,,,,,,,,1.0,2.0,0.0,2.0,0.0
3431885098.0,,,185.4,0.0,,,,,,,,,0.0,,,,,,,0.0,0.0,0.0,0.0,4.0,4.0,0.0
3431883250.0,,,165.1,1.0,,,,,,,,,0.0,,,,,,,0.0,0.0,1.0,2.0,3.0,4.0,6.0
3431882220.0,,,175.3,0.0,,,,,,,,,1.0,,,,,,,0.0,0.0,1.0,0.0,0.0,2.0,0.0
3431878240.0,,,167.6,0.0,,,,,,,,,0.0,,,,,,,0.0,0.0,1.0,3.0,2.0,3.0,2.0
3431875832.0,,,182.9,0.0,,,,,,,,,0.0,,,,,,,0.0,0.0,,,,,
3431874935.0,,,,,,,,,,,,,,,,,,,,,,1.0,0.0,,1.0,0.0
3431873790.0,,,182.9,0.0,,,,,,,,,0.0,,,,,,,0.0,0.0,1.0,0.0,1.0,1.0,0.0
3431873661.0,,,,,,,,,,,,,,,,,,,,,,,,,,
3431871050.0,,,154.9,0.0,,,,,,,,,1.0,,,,,,,0.0,0.0,1.0,0.0,,1.0,4.0
3431865276.0,,,170.2,0.0,,,,,,,,,0.0,,,,,,,0.0,0.0,1.0,2.0,,4.0,1.0
3431864594.0,,,157.5,0.0,,,,,,,,,1.0,,,,,,,0.0,0.0,1.0,2.0,2.0,2.0,0.0
3431864204.0,,,160.0,0.0,,,,,,,,,0.0,,,,,,,0.0,0.0,1.0,2.0,1.0,2.0,0.0
3431862283.0,,,175.3,0.0,,,,,,,,,0.0,,,,,,,0.0,0.0,1.0,3.0,,4.0,1.0
3431859028.0,,,190.5,1.0,,,,,,,,,0.0,,,,,,,1.0,0.0,0.0,1.0,4.0,3.0,0.0
3431857651.0,,,170.2,1.0,,,,,,,,,0.0,,,,,,,0.0,0.0,1.0,1.0,,2.0,3.0
3431856354.0,,,180.3,0.0,,,,,,,,,0.0,,,,,,,0.0,0.0,0.0,2.0,2.0,3.0,2.0
3431853237.0,,,157.5,0.0,,,,,,,,,1.0,,,,,,,0.0,0.0,1.0,0.0,,2.0,0.0
3431851037.0,,,,,,,,,,,,,,,,,,,,,,0.0,2.0,3.0,2.0,0.0
3431848412.0,,,170.2,0.0,,,,,,,,,0.0,,,,,,,0.0,0.0,1.0,2.0,3.0,2.0,0.0
3431846827.0,,,154.9,0.0,,,,,,,,,0.0,,,,,,,0.0,0.0,1.0,0.0,,3.0,0.0
3431845651.0,,,167.6,0.0,,,,,,,,,0.0,,,,,,,0.0,0.0,1.0,3.0,3.0,4.0,0.0
3431844950.0,,,177.8,0.0,,,,,,,,,0.0,,,,,,,1.0,0.0,0.0,0.0,2.0,3.0,0.0
3431844008.0,,,175.3,0.0,,,,,,,,,0.0,,,,,,,0.0,0.0,0.0,2.0,4.0,4.0,0.0
3431840082.0,,,172.7,1.0,,,,,,,,,0.0,,,,,,,0.0,0.0,0.0,2.0,2.0,2.0,6.0
3431838216.0,,,167.6,1.0,,,,,,,,,0.0,,,,,,,0.0,0.0,1.0,0.0,0.0,2.0,1.0
3431837847.0,,,175.3,0.0,,,,,,,,,1.0,,,,,,,0.0,0.0,0.0,3.0,3.0,4.0,8.0
3431837048.0,,,177.8,0.0,,,,,,,,,0.0,,,,,,,1.0,0.0,0.0,0.0,0.0,2.0,7.0
3431832795.0,,,162.6,0.0,,,,,,,,,0.0,,,,,,,0.0,0.0,1.0,3.0,4.0,4.0,8.0
3431828635.0,,,170.2,0.0,,,,,,,,,0.0,,,,,,,0.0,0.0,0.0,0.0,0.0,2.0,8.0
3431827807.0,,,175.3,0.0,,,,,,,,,0.0,,,,,,,1.0,0.0,1.0,2.0,4.0,4.0,6.0
3431822775.0,,,165.1,0.0,,,,,,,,,0.0,,,,,,,0.0,0.0,1.0,3.0,,4.0,1.0
3431822505.0,,,,,,,,,,,,,,,,,,,,,,1.0,1.0,1.0,3.0,7.0
3431821681.0,,,185.4,0.0,,,,,,,,,0.0,,,,,,,0.0,0.0,0.0,1.0,3.0,3.0,0.0
3431821208.0,,,167.6,0.0,,,,,,,,,0.0,,,,,,,0.0,0.0,0.0,3.0,2.0,4.0,0.0
3431820584.0,,,162.6,0.0,,,,,,,,,,,,,,,,,,,,,,
3431820319.0,,,175.3,1.0,,,,,,,,,0.0,,,,,,,0.0,0.0,0.0,2.0,3.0,4.0,1.0
3431818574.0,,,,,,,,,,,,,,,,,,,,,,1.0,3.0,0.0,2.0,3.0
3431818301.0,,,162.6,0.0,,,,,,,,,0.0,,,,,,,1.0,0.0,1.0,0.0,3.0,3.0,6.0
3431815266.0,,,165.1,0.0,,,,,,,,,0.0,,,,,,,1.0,0.0,1.0,0.0,3.0,3.0,0.0
3431814033.0,,,157.5,0.0,,,,,,,,,0.0,,,,,,,1.0,0.0,0.0,0.0,2.0,2.0,5.0
3431813221.0,,,,,,,,,,,,,,,,,,,,,,0.0,1.0,0.0,2.0,1.0
3431812523.0,,,175.3,0.0,,,,,,,,,0.0,,,,,,,1.0,0.0,0.0,1.0,1.0,3.0,0.0
3431811997.0,,,175.3,0.0,,,,,,,,,1.0,,,,,,,0.0,0.0,1.0,2.0,2.0,3.0,0.0
3431811871.0,,,167.6,0.0,,,,,,,,,0.0,,,,,,,0.0,0.0,0.0,0.0,2.0,3.0,4.0
3431811073.0,,,167.6,1.0,,,,,,,,,0.0,,,,,,,0.0,0.0,1.0,1.0,4.0,4.0,6.0
3431810107.0,,,172.7,0.0,,,,,,,,,1.0,,,,,,,0.0,0.0,0.0,2.0,1.0,4.0,6.0
3431809207.0,,,160.0,0.0,,,,,,,,,0.0,,,,,,,0.0,0.0,1.0,2.0,2.0,4.0,0.0
3431806805.0,,,167.6,0.0,,,,,,,,,1.0,,,,,,,0.0,0.0,1.0,3.0,,4.0,7.0
3431806310.0,,,160.0,1.0,,,,,,,,,0.0,,,,,,,1.0,0.0,1.0,0.0,2.0,2.0,1.0
3431802612.0,,,170.2,0.0,,,,,,,,,0.0,,,,,,,1.0,0.0,1.0,0.0,,2.0,0.0
3431797233.0,,,,,,,,,,,,,,,,,,,,,,0.0,3.0,0.0,2.0,2.0
3431796148.0,,,,,,,,,,,,,,,,,,,,,,1.0,3.0,2.0,3.0,8.0
3431794981.0,,,175.3,1.0,,,,,,,,,0.0,,,,,,,0.0,0.0,0.0,2.0,3.0,2.0,6.0
3431794171.0,,,162.6,0.0,,,,,,,,,0.0,,,,,,,0.0,0.0,1.0,0.0,1.0,1.0,6.0
3431793323.0,,,172.7,0.0,,,,,,,,,0.0,,,,,,,0.0,0.0,1.0,0.0,,2.0,3.0
3431793142.0,,,160.0,0.0,,,,,,,,,0.0,,,,,,,0.0,0.0,0.0,0.0,0.0,1.0,7.0
3431792084.0,,,,,,,,,,,,,,,,,,,,,,0.0,2.0,2.0,2.0,8.0
3431791820.0,,,175.3,0.0,,,,,,,,,1.0,,,,,,,0.0,0.0,1.0,2.0,,2.0,6.0
3431791611.0,,,172.7,0.0,,,,,,,,,0.0,,,,,,,0.0,0.0,0.0,2.0,2.0,3.0,3.0
3431791454.0,,,167.6,0.0,,,,,,,,,1.0,,,,,,,0.0,0.0,1.0,0.0,2.0,3.0,0.0
3431789766.0,,,,,,,,,,,,,,,,,,,,,,0.0,3.0,3.0,3.0,6.0
3431785714.0,,,162.6,0.0,,,,,,,,,0.0,,,,,,,0.0,0.0,1.0,2.0,2.0,4.0,4.0
3431785706.0,,,,,,,,,,,,,,,,,,,,,,1.0,3.0,1.0,1.0,4.0
3431781890.0,,,180.3,0.0,,,,,,,,,0.0,,,,,,,0.0,0.0,0.0,3.0,,4.0,0.0
3431780662.0,,,177.8,1.0,,,,,,,,,1.0,,,,,,,0.0,0.0,0.0,1.0,1.0,2.0,7.0
3431779152.0,,,180.3,0.0,,,,,,,,,0.0,,,,,,,0.0,0.0,0.0,1.0,0.0,3.0,6.0
3431777715.0,,,,,,,,,,,,,,,,,,,,,,1.0,1.0,0.0,1.0,1.0
3431776169.0,,,162.6,1.0,,,,,,,,,0.0,,,,,,,0.0,0.0,1.0,0.0,2.0,2.0,4.0
3431775668.0,,,160.0,0.0,,,,,,,,,0.0,,,,,,,0.0,0.0,1.0,3.0,,4.0,1.0
3431775137.0,,,182.9,0.0,,,,,,,,,0.0,,,,,,,1.0,0.0,0.0,0.0,1.0,2.0,1.0
3431774671.0,,,175.3,1.0,,,,,,,,,0.0,,,,,,,0.0,0.0,1.0,2.0,3.0,4.0,0.0
3431774647.0,,,162.6,0.0,,,,,,,,,1.0,,,,,,,0.0,0.0,1.0,3.0,2.0,4.0,0.0
3431774571.0,,,160.0,0.0,,,,,,,,,1.0,,,,,,,0.0,0.0,1.0,3.0,4.0,4.0,1.0
3431771032.0,,,165.1,1.0,,,,,,,,,0.0,,,,,,,0.0,0.0,1.0,3.0,,4.0,8.0
3431769849.0,,,185.4,0.0,,,,,,,,,0.0,,,,,,,0.0,0.0,0.0,0.0,1.0,3.0,8.0
3431769300.0,,,165.1,0.0,,,,,,,,,1.0,,,,,,,0.0,0.0,1.0,3.0,2.0,4.0,4.0
3431768949.0,,,165.1,0.0,,,,,,,,,1.0,,,,,,,1.0,0.0,1.0,1.0,,2.0,4.0
3431768059.0,,,,,,,,,,,,,,,,,,,,,,1.0,3.0,,3.0,1.0
3431767233.0,,,165.1,1.0,,,,,,,,,0.0,,,,,,,0.0,0.0,1.0,1.0,,4.0,0.0
3431767197.0,,,160.0,0.0,,,,,,,,,0.0,,,,,,,1.0,0.0,1.0,0.0,1.0,3.0,7.0
3431765507.0,,,170.2,0.0,,,,,,,,,1.0,,,,,,,0.0,0.0,0.0,1.0,3.0,3.0,0.0
3431764152.0,,,154.9,0.0,,,,,,,,,0.0,,,,,,,0.0,0.0,1.0,3.0,3.0,4.0,7.0
3431763674.0,,,167.6,0.0,,,,,,,,,0.0,,,,,,,0.0,0.0,1.0,0.0,1.0,3.0,3.0
3431762850.0,,,177.8,0.0,,,,,,,,,0.0,,,,,,,0.0,0.0,0.0,3.0,2.0,4.0,8.0
3431762195.0,,,157.5,0.0,,,,,,,,,1.0,,,,,,,0.0,0.0,1.0,3.0,2.0,4.0,6.0
3431760331.0,,,167.6,0.0,,,,,,,,,0.0,,,,,,,0.0,0.0,1.0,3.0,4.0,4.0,8.0
3431759736.0,,,172.7,1.0,,,,,,,,,0.0,,,,,,,0.0,0.0,0.0,2.0,4.0,3.0,8.0
3431755117.0,,,177.8,1.0,,,,,,,,,0.0,,,,,,,0.0,0.0,1.0,1.0,1.0,2.0,1.0
3431755097.0,,,,,,,,,,,,,,,,,,,,,,1.0,0.0,1.0,1.0,5.0
3431754696.0,,,154.9,1.0,,,,,,,,,1.0,,,,,,,0.0,0.0,1.0,2.0,,4.0,1.0
3431754605.0,,,180.3,1.0,,,,,,,,,0.0,,,,,,,1.0,0.0,0.0,1.0,2.0,2.0,0.0
3431754304.0,,,180.3,1.0,,,,,,,,,0.0,,,,,,,1.0,0.0,0.0,2.0,0.0,2.0,0.0
3431754014.0,,,167.6,0.0,,,,,,,,,0.0,,,,,,,0.0,0.0,1.0,0.0,,2.0,0.0
3431753976.0,,,162.6,0.0,,,,,,,,,1.0,,,,,,,1.0,0.0,1.0,2.0,2.0,2.0,1.0
3431753863.0,,,175.3,0.0,,,,,,,,,1.0,,,,,,,0.0,0.0,1.0,2.0,,2.0,0.0
3431753137.0,,,,,,,,,,,,,,,,,,,,,,1.0,0.0,4.0,3.0,2.0
3431751323.0,,,,,,,,,,,,,,,,,,,,,,1.0,1.0,1.0,2.0,0.0
3431751287.0,,,154.9,0.0,,,,,,,,,0.0,,,,,,,0.0,0.0,1.0,2.0,0.0,4.0,0.0
3431751153.0,,,157.5,0.0,,,,,,,,,0.0,,,,,,,1.0,0.0,1.0,0.0,0.0,4.0,0.0
3431751080.0,,,195.6,0.0,,,,,,,,,0.0,,,,,,,1.0,0.0,0.0,0.0,1.0,2.0,1.0
3431748816.0,,,157.5,0.0,,,,,,,,,0.0,,,,,,,0.0,0.0,1.0,2.0,,2.0,6.0
3431748763.0,,,165.1,0.0,,,,,,,,,1.0,,,,,,,0.0,0.0,1.0,3.0,1.0,2.0,0.0
3431748698.0,,,177.8,1.0,,,,,,,,,1.0,,,,,,,1.0,0.0,0.0,2.0,4.0,4.0,3.0
3431747718.0,,,157.5,0.0,,,,,,,,,0.0,,,,,,,0.0,0.0,1.0,0.0,1.0,2.0,3.0
3431746726.0,,,162.6,0.0,,,,,,,,,0.0,,,,,,,0.0,0.0,1.0,2.0,2.0,3.0,0.0
3431745079.0,,,,,,,,,,,,,,,,,,,,,,1.0,3.0,,3.0,6.0
3431744747.0,,,172.7,0.0,,,,,,,,,0.0,,,,,,,0.0,0.0,0.0,3.0,4.0,4.0,0.0
3431744533.0,,,162.6,1.0,,,,,,,,,0.0,,,,,,,0.0,0.0,1.0,1.0,,4.0,0.0
3431744015.0,,,,,,,,,,,,,,,,,,,,,,1.0,3.0,,2.0,8.0
3431743115.0,,,182.9,0.0,,,,,,,,,1.0,,,,,,,0.0,0.0,0.0,2.0,3.0,3.0,7.0
3431741243.0,,,177.8,0.0,,,,,,,,,1.0,,,,,,,0.0,0.0,1.0,0.0,0.0,2.0,0.0
3431740654.0,,,167.6,0.0,,,,,,,,,0.0,,,,,,,0.0,0.0,1.0,3.0,2.0,3.0,7.0
3431738966.0,,,162.6,0.0,,,,,,,,,0.0,,,,,,,1.0,0.0,1.0,2.0,4.0,2.0,0.0
3431737634.0,,,167.6,0.0,,,,,,,,,0.0,,,,,,,0.0,0.0,1.0,0.0,,2.0,8.0
3431737213.0,,,172.7,0.0,,,,,,,,,0.0,,,,,,,0.0,0.0,0.0,2.0,4.0,4.0,0.0
3431737008.0,,,162.6,0.0,,,,,,,,,1.0,,,,,,,0.0,0.0,1.0,3.0,2.0,4.0,7.0
3431736876.0,,,162.6,0.0,,,,,,,,,1.0,,,,,,,1.0,0.0,1.0,0.0,,3.0,1.0
3431736855.0,,,,,,,,,,,,,,,,,,,,,,1.0,1.0,0.0,3.0,0.0
3431736438.0,,,,,,,,,,,,,,,,,,,,,,1.0,1.0,1.0,2.0,5.0
3431735911.0,,,160.0,0.0,,,,,,,,,0.0,,,,,,,1.0,0.0,1.0,1.0,4.0,1.0,6.0
3431734973.0,,,,,,,,,,,,,,,,,,,,,,1.0,0.0,0.0,2.0,8.0
3431734398.0,,,185.4,1.0,,,,,,,,,1.0,,,,,,,0.0,0.0,0.0,1.0,4.0,4.0,0.0
3431732652.0,,,170.2,0.0,,,,,,,,,0.0,,,,,,,0.0,0.0,0.0,1.0,0.0,2.0,1.0
3431731770.0,,,,,,,,,,,,,,,,,,,,,,0.0,2.0,4.0,3.0,0.0
3431731485.0,,,,,,,,,,,,,,,,,,,,,,1.0,3.0,,2.0,1.0
3431731196.0,,,,,,,,,,,,,,,,,,,,,,1.0,1.0,2.0,3.0,2.0
3431729581.0,,,190.5,0.0,,,,,,,,,0.0,,,,,,,0.0,0.0,0.0,3.0,2.0,3.0,0.0
